{"stat.walkOneCm":66256,"stat.useItem.minecraft.torch":1,"stat.playerKills":1,"stat.leaveGame":7,"stat.mineBlock.chisel.marble2":1,"stat.pickup.mekanism.oreblock":1,"stat.useItem.minecraft.diamond_axe":36,"stat.furnaceInteraction":4,"stat.pickup.galacticraftcore.basic_block_core":5,"stat.mineBlock.minecraft.coal_ore":10,"stat.mineBlock.ic2.rubber_wood":4,"stat.useItem.minecraft.diamond_sword":117,"stat.drop.draconicevolution.draconic_staff_of_power":2,"stat.entityKilledBy.grimoireofgaia.harpy":1,"stat.pickup.minecraft.log":34,"stat.craftItem.minecraft.diamond_sword":1,"stat.useItem.projecte.transmutation_table":1,"stat.jump":446,"stat.swimOneCm":27467,"stat.mineBlock.galacticraftcore.basic_block_core":5,"stat.pickup.minecraft.coal":10,"stat.fallOneCm":16708,"stat.useItem.minecraft.cooked_mutton":2,"stat.entityKilledBy.grimoireofgaia.minotaurus":1,"stat.crouchOneCm":384,"stat.pickup.projecte.transmutation_table":5,"stat.entityKilledBy.grimoireofgaia.werecat":1,"stat.craftItem.minecraft.torch":28,"stat.pickup.minecraft.sapling":14,"stat.sprintOneCm":70985,"stat.useItem.minecraft.stone_slab2":15,"stat.pickup.minecraft.apple":1,"stat.craftItem.minecraft.stick":28,"stat.pickup.minecraft.iron_ore":4,"stat.mineBlock.mekanism.oreblock":1,"stat.pickup.minecraft.sand":10,"stat.craftItem.minecraft.furnace":1,"stat.craftItem.minecraft.planks":136,"stat.damageTaken":3873,"stat.useItem.minecraft.diamond_pickaxe":41,"stat.mineBlock.minecraft.quartz_block":3,"stat.pickup.draconicevolution.draconic_staff_of_power":2,"stat.mineBlock.ic2.leaves":18,"stat.pickup.minecraft.cobblestone":12,"stat.mobKills":1,"stat.mineBlock.projecte.transmutation_table":5,"stat.mineBlock.minecraft.log":34,"stat.pickup.ic2.rubber_wood":4,"stat.flyOneCm":118542,"stat.deaths":12,"stat.entityKilledBy.firedragon":8,"stat.drop":2,"stat.pickup.minecraft.wheat_seeds":3,"stat.pickup.minecraft.quartz_block":3,"stat.mineBlock.minecraft.leaves":2,"stat.mineBlock.minecraft.sand":10,"stat.playOneMinute":37281,"stat.sneakTime":300,"stat.damageDealt":3146,"stat.craftItem.minecraft.diamond_pickaxe":1,"stat.pickup.ic2.sapling":1,"stat.mineBlock.minecraft.iron_ore":4,"stat.sleepInBed":4,"stat.killEntity.firedragon":1,"stat.timeSinceDeath":4016,"stat.craftItem.minecraft.diamond_axe":1,"stat.mineBlock.minecraft.stone":12,"stat.pickup.chisel.marble2":1,"stat.mineBlock.minecraft.tallgrass":10}