{"stat.chestOpened":1,"stat.pickup.minecraft.bone":5,"stat.leaveGame":5,"stat.pickup.minecraft.gravel":4,"stat.pickup.minecraft.arrow":3,"stat.pickup.minecraft.flint":4,"stat.jump":239,"stat.swimOneCm":5089,"stat.pickup.minecraft.coal":122,"stat.fallOneCm":7932,"stat.pickup.minecraft.iron_ingot":17,"stat.crouchOneCm":4834,"stat.pickup.minecraft.dirt":2,"stat.useItem.minecraft.stone_slab2":3,"stat.pickup.minecraft.iron_ore":21,"stat.craftingTableInteraction":3,"stat.pickup.minecraft.rotten_flesh":4,"stat.craftItem.minecraft.furnace":2,"stat.mineBlock.minecraft.lapis_ore":4,"stat.damageTaken":411,"stat.mineBlock.minecraft.torch":1,"stat.mineBlock.minecraft.furnace":2,"stat.useItem.minecraft.furnace":1,"stat.pickup.minecraft.cobblestone":137,"stat.pickup.minecraft.dye":27,"stat.pickup.minecraft.planks":10,"stat.flyOneCm":23109,"stat.mineBlock.minecraft.gravel":5,"stat.damageDealt":574,"stat.pickup.minecraft.redstone":29,"stat.mineBlock.minecraft.iron_ore":18,"stat.sleepInBed":2,"stat.timeSinceDeath":2418,"stat.useItem.minecraft.iron_pickaxe":232,"stat.pickup.minecraft.mutton":9,"stat.craftItem.minecraft.iron_sword":1,"stat.drop.minecraft.cooked_mutton":1,"stat.walkOneCm":94018,"stat.useItem.minecraft.torch":14,"stat.pickup.minecraft.stick":1,"stat.pickup.bhc.red_heart":1,"stat.useItem.minecraft.cobblestone":82,"stat.furnaceInteraction":22,"stat.craftItem.minecraft.crafting_table":1,"stat.mineBlock.minecraft.double_plant":1,"stat.mineBlock.minecraft.coal_ore":91,"stat.pickup.extrautils2.ingredients":1,"stat.mineBlock.minecraft.emerald_ore":1,"stat.pickup.minecraft.iron_pickaxe":1,"stat.useItem.minecraft.cooked_mutton":2,"stat.pickup.minecraft.furnace":2,"stat.pickup.minecraft.stone":6,"stat.craftItem.minecraft.iron_chestplate":1,"stat.pickup.minecraft.chicken":4,"stat.sprintOneCm":20248,"stat.craftItem.minecraft.stick":4,"stat.craftItem.minecraft.bucket":1,"stat.useItem.minecraft.iron_sword":4,"stat.mobKills":6,"stat.pickup.minecraft.emerald":1,"stat.deaths":1,"stat.drop":1,"stat.playOneMinute":48601,"stat.pickup.minecraft.torch":16,"stat.killEntity.Sheep":2,"stat.mineBlock.minecraft.redstone_ore":11,"stat.pickup.thaumcraft.brain":1,"stat.sneakTime":1891,"stat.craftItem.minecraft.iron_pickaxe":1,"stat.pickup.minecraft.wool":2,"stat.mineBlock.minecraft.stone":75,"stat.craftItem.minecraft.cooked_mutton":5,"stat.diveOneCm":1150,"stat.pickup.minecraft.cooked_mutton":1}