{"stat.pickup.minecraft.bone":5,"stat.useItem.minecraft.iron_axe":46,"stat.leaveGame":9,"stat.mineBlock.minecraft.cobblestone":3,"stat.pickup.minecraft.flint":4,"stat.craftItem.minecraft.iron_axe":1,"stat.swimOneCm":7198,"stat.mineBlock.minecraft.web":1,"stat.useItem.minecraft.stone_slab2":5,"stat.useItem.minecraft.water_bucket":1,"stat.pickup.minecraft.rotten_flesh":4,"stat.craftItem.minecraft.furnace":2,"stat.craftItem.minecraft.iron_boots":1,"stat.pickup.minecraft.cobblestone":166,"stat.flyOneCm":51746,"stat.craftItem.minecraft.wooden_hoe":1,"stat.pickup.minecraft.redstone":29,"stat.mineBlock.minecraft.iron_ore":18,"stat.timeSinceDeath":17429,"stat.useItem.minecraft.iron_pickaxe":342,"stat.pickup.minecraft.mutton":9,"stat.drop.minecraft.cooked_mutton":1,"stat.entityKilledBy.grimoireofgaia.satyress":1,"stat.pickup.bhc.red_heart":1,"stat.furnaceInteraction":29,"stat.pickup.galacticraftcore.basic_block_core":3,"stat.mineBlock.minecraft.rail":7,"stat.mineBlock.minecraft.coal_ore":153,"stat.pickup.extrautils2.ingredients":1,"stat.talkedToVillager":1,"stat.pickup.minecraft.string":1,"stat.useItem.minecraft.cooked_mutton":5,"stat.pickup.minecraft.furnace":2,"stat.craftItem.minecraft.stone_slab2":0,"stat.useItem.minecraft.written_book":1,"stat.sprintOneCm":42794,"stat.craftItem.minecraft.stick":8,"stat.mineBlock.minecraft.fence":4,"stat.pickup.thaumcraft.crystal_essence":11,"stat.useItem.minecraft.wheat_seeds":1,"stat.pickup.minecraft.emerald":3,"stat.useItem.minecraft.dye":2,"stat.deaths":2,"stat.mineBlock.minecraft.planks":12,"stat.drop.galacticraftcore.basic_item":3,"stat.drop":4,"stat.playOneMinute":76767,"stat.killEntity.Sheep":3,"stat.craftItem.minecraft.iron_pickaxe":1,"stat.killEntity.Zombie":1,"stat.craftItem.minecraft.cooked_mutton":5,"stat.mineBlock.minecraft.tallgrass":10,"stat.diveOneCm":1150,"stat.pickup.minecraft.cooked_mutton":1,"stat.pickup.minecraft.wheat":1,"stat.chestOpened":6,"stat.pickup.minecraft.gravel":4,"stat.pickup.minecraft.arrow":5,"stat.killEntity.grimoireofgaia.vase":1,"stat.jump":494,"stat.useItem.minecraft.wooden_hoe":9,"stat.pickup.minecraft.fence":3,"stat.pickup.minecraft.coal":181,"stat.pickup.minecraft.cooked_chicken":2,"stat.fallOneCm":15131,"stat.pickup.minecraft.iron_ingot":18,"stat.crouchOneCm":4885,"stat.pickup.minecraft.rail":7,"stat.craftItem.minecraft.iron_ingot":24,"stat.craftItem.minecraft.torch":12,"stat.pickup.minecraft.dirt":7,"stat.craftItem.minecraft.iron_helmet":1,"stat.pickup.minecraft.iron_ore":21,"stat.craftingTableInteraction":9,"stat.mineBlock.minecraft.lapis_ore":4,"stat.damageTaken":941,"stat.mineBlock.minecraft.torch":1,"stat.mineBlock.minecraft.furnace":2,"stat.pickup.minecraft.written_book":2,"stat.useItem.minecraft.furnace":1,"stat.pickup.minecraft.dye":27,"stat.pickup.minecraft.planks":26,"stat.pickup.minecraft.wheat_seeds":2,"stat.mineBlock.minecraft.gravel":5,"stat.craftItem.minecraft.iron_leggings":1,"stat.damageDealt":1115,"stat.sleepInBed":4,"stat.mineBlock.minecraft.dirt":5,"stat.craftItem.minecraft.iron_sword":1,"stat.walkOneCm":166753,"stat.useItem.minecraft.torch":20,"stat.pickup.minecraft.stick":2,"stat.useItem.minecraft.cobblestone":94,"stat.craftItem.minecraft.crafting_table":1,"stat.mineBlock.minecraft.double_plant":1,"stat.mineBlock.thaumcraft.crystal_aer":4,"stat.mineBlock.minecraft.emerald_ore":2,"stat.pickup.minecraft.log":17,"stat.mineBlock.galacticraftcore.basic_block_core":3,"stat.pickup.minecraft.iron_pickaxe":1,"stat.pickup.minecraft.stone":6,"stat.craftItem.minecraft.iron_chestplate":1,"stat.pickup.minecraft.chicken":5,"stat.craftItem.minecraft.bucket":2,"stat.useItem.minecraft.iron_sword":42,"stat.killEntity.Chicken":1,"stat.mobKills":10,"stat.mineBlock.minecraft.log":18,"stat.mineBlock.minecraft.leaves":10,"stat.pickup.minecraft.torch":16,"stat.mineBlock.minecraft.redstone_ore":11,"stat.pickup.thaumcraft.brain":1,"stat.sneakTime":1938,"stat.pickup.minecraft.wool":3,"stat.craftItem.galacticraftcore.basic_item":3,"stat.mineBlock.minecraft.stone":103}