{"stat.pickup.minecraft.bone":2,"stat.mineBlock.iceandfire.chared_grass":1,"stat.leaveGame":13,"stat.mineBlock.minecraft.cobblestone":4,"stat.entityKilledBy.betteranimalsplus.shark":1,"stat.pickup.extrautils2.redorchid":1,"stat.mineBlock.iceandfire.chared_stone":4,"stat.mineBlock.ic2.rubber_wood":4,"stat.useItem.minecraft.diamond_sword":387,"stat.drop.draconicevolution.draconic_staff_of_power":2,"stat.killEntity.grimoireofgaia.centaur":2,"stat.swimOneCm":52360,"stat.climbOneCm":2012,"stat.useItem.minecraft.planks":2,"stat.mineBlock.thaumcraft.ore_amber":13,"stat.useItem.minecraft.dirt":30,"stat.useItem.minecraft.stone_slab2":24,"stat.useItem.minecraft.water_bucket":7,"stat.pickup.minecraft.rotten_flesh":10,"stat.pickup.minecraft.sand":12,"stat.craftItem.minecraft.furnace":1,"stat.mineBlock.minecraft.obsidian":6,"stat.pickup.minecraft.cobblestone":48,"stat.mineBlock.projecte.transmutation_table":10,"stat.flyOneCm":501480,"stat.craftItem.minecraft.glass_bottle":9,"stat.pickup.minecraft.glass_bottle":5,"stat.entityKilledBy.firedragon":14,"stat.mineBlock.minecraft.sand":10,"stat.pickup.minecraft.fish":2,"stat.mineBlock.minecraft.iron_ore":18,"stat.timeSinceDeath":3890,"stat.pickup.minecraft.mossy_cobblestone":1,"stat.mineBlock.chisel.marble2":1,"stat.pickup.minecraft.chainmail_helmet":1,"stat.pickup.bhc.red_heart":2,"stat.furnaceInteraction":11,"stat.pickup.galacticraftcore.basic_block_core":8,"stat.pickup.iceandfire.dragon_skull":3,"stat.mineBlock.minecraft.coal_ore":22,"stat.entityKilledBy.grimoireofgaia.harpy":1,"stat.killEntity.grimoireofgaia.satyress":1,"stat.pickup.minecraft.furnace":2,"stat.useItem.minecraft.cooked_mutton":25,"stat.craftItem.minecraft.stone_slab2":0,"stat.sprintOneCm":354121,"stat.useItem.minecraft.diamond_shovel":75,"stat.craftItem.minecraft.stick":28,"stat.mineBlock.mekanism.oreblock":1,"stat.pickup.thaumcraft.crystal_essence":29,"stat.pickup.thaumcraft.nugget":2,"stat.useItem.minecraft.diamond_pickaxe":176,"stat.mineBlock.minecraft.quartz_block":3,"stat.pickup.draconicevolution.draconic_staff_of_power":2,"stat.mineBlock.ic2.leaves":18,"stat.deaths":26,"stat.mineBlock.minecraft.planks":2,"stat.drop":2,"stat.playOneMinute":162780,"stat.craftItem.minecraft.diamond_pickaxe":1,"stat.killEntity.Zombie":9,"stat.pickup.minecraft.iron_bars":1,"stat.craftItem.minecraft.diamond_axe":1,"stat.pickup.chisel.marble2":1,"stat.mineBlock.minecraft.tallgrass":125,"stat.diveOneCm":9804,"stat.chestOpened":35,"stat.pickup.thaumcraft.curio":1,"stat.useItem.minecraft.glass_bottle":2,"stat.useItem.minecraft.diamond_axe":51,"stat.pickup.minecraft.obsidian":5,"stat.pickup.minecraft.gold_nugget":126,"stat.useItem.minecraft.potion":2,"stat.killEntity.betteranimalsplus.shark":1,"stat.craftItem.minecraft.diamond_sword":1,"stat.jump":2350,"stat.pickup.minecraft.coal":29,"stat.fallOneCm":69383,"stat.pickup.iceandfire.chared_gravel":1,"stat.crouchOneCm":1374,"stat.pickup.iceandfire.chared_stone":4,"stat.entityKilledBy.grimoireofgaia.werecat":1,"stat.craftItem.minecraft.torch":28,"stat.pickup.minecraft.dirt":69,"stat.pickup.minecraft.melon":13,"stat.pickup.minecraft.iron_ore":18,"stat.craftingTableInteraction":2,"stat.pickup.iceandfire.fire_dragon_heart":2,"stat.damageTaken":8381,"stat.pickup.minecraft.leather":1,"stat.mineBlock.minecraft.furnace":2,"stat.mineBlock.minecraft.torch":1,"stat.mineBlock.minecraft.melon_block":1,"stat.pickup.minecraft.written_book":1,"stat.pickup.minecraft.prismarine_shard":1,"stat.pickup.ic2.rubber_wood":4,"stat.pickup.minecraft.planks":2,"stat.pickup.minecraft.reeds":4,"stat.pickup.chisel.limestone2":3,"stat.pickup.minecraft.bed":1,"stat.craftItem.minecraft.diamond_shovel":1,"stat.pickup.minecraft.wheat_seeds":22,"stat.pickup.minecraft.quartz_block":3,"stat.entityKilledBy.Zombie":1,"stat.mineBlock.minecraft.gravel":1,"stat.damageDealt":11589,"stat.craftItem.minecraft.glass":12,"stat.pickup.iceandfire.chared_grass":1,"stat.sleepInBed":10,"stat.mineBlock.minecraft.dirt":76,"stat.walkOneCm":331090,"stat.useItem.minecraft.torch":13,"stat.playerKills":3,"stat.useItem.minecraft.chest":2,"stat.pickup.minecraft.iron_nugget":12,"stat.pickup.mekanism.oreblock":1,"stat.mineBlock.minecraft.double_plant":5,"stat.useItem.minecraft.lava_bucket":1,"stat.mineBlock.thaumcraft.crystal_aer":9,"stat.pickup.grimoireofgaia.food_honey":1,"stat.pickup.minecraft.log":45,"stat.useItem.projecte.transmutation_table":1,"stat.mineBlock.galacticraftcore.basic_block_core":8,"stat.entityKilledBy.grimoireofgaia.minotaurus":2,"stat.pickup.minecraft.stone":1,"stat.pickup.projecte.transmutation_table":11,"stat.pickup.minecraft.sapling":14,"stat.pickup.minecraft.apple":1,"stat.mineBlock.iceandfire.goldpile":24,"stat.craftItem.minecraft.planks":136,"stat.pickup.iceandfire.dragonscales_green":46,"stat.killEntity.grimoireofgaia.harpy":2,"stat.pickup.gb.globette":1,"stat.mobKills":20,"stat.mineBlock.minecraft.log":45,"stat.pickup.iceandfire.dragonbone":35,"stat.mineBlock.minecraft.leaves":4,"stat.pickup.minecraft.torch":1,"stat.pickup.thaumcraft.brain":1,"stat.sneakTime":1065,"stat.pickup.thaumcraft.amber":15,"stat.killEntity.grimoireofgaia.bee":1,"stat.pickup.ic2.sapling":1,"stat.killEntity.firedragon":2,"stat.pickup.minecraft.stone_slab":2,"stat.mineBlock.minecraft.stone":48,"stat.entityKilledBy.grimoireofgaia.centaur":1,"stat.killEntity.grimoireofgaia.minotaurus":1}