{"stat.chestOpened":1,"stat.pickup.minecraft.bone":5,"stat.leaveGame":4,"stat.pickup.minecraft.arrow":3,"stat.pickup.minecraft.flint":3,"stat.jump":160,"stat.swimOneCm":4301,"stat.pickup.minecraft.coal":35,"stat.fallOneCm":5540,"stat.pickup.minecraft.iron_ingot":4,"stat.crouchOneCm":4389,"stat.pickup.minecraft.dirt":2,"stat.useItem.minecraft.stone_slab2":3,"stat.pickup.minecraft.iron_ore":14,"stat.craftingTableInteraction":2,"stat.pickup.minecraft.rotten_flesh":2,"stat.craftItem.minecraft.furnace":2,"stat.mineBlock.minecraft.lapis_ore":4,"stat.damageTaken":56,"stat.mineBlock.minecraft.torch":1,"stat.useItem.minecraft.furnace":1,"stat.pickup.minecraft.cobblestone":123,"stat.pickup.minecraft.dye":27,"stat.pickup.minecraft.planks":10,"stat.flyOneCm":19481,"stat.damageDealt":335,"stat.pickup.minecraft.redstone":29,"stat.mineBlock.minecraft.iron_ore":13,"stat.sleepInBed":2,"stat.timeSinceDeath":37696,"stat.useItem.minecraft.iron_pickaxe":138,"stat.pickup.minecraft.mutton":9,"stat.drop.minecraft.cooked_mutton":1,"stat.walkOneCm":62438,"stat.useItem.minecraft.torch":6,"stat.pickup.minecraft.stick":1,"stat.pickup.bhc.red_heart":1,"stat.useItem.minecraft.cobblestone":69,"stat.furnaceInteraction":22,"stat.craftItem.minecraft.crafting_table":1,"stat.mineBlock.minecraft.double_plant":1,"stat.mineBlock.minecraft.coal_ore":37,"stat.pickup.extrautils2.ingredients":1,"stat.pickup.minecraft.iron_pickaxe":1,"stat.useItem.minecraft.cooked_mutton":1,"stat.pickup.minecraft.stone":4,"stat.pickup.minecraft.chicken":4,"stat.sprintOneCm":15237,"stat.craftItem.minecraft.stick":4,"stat.mobKills":6,"stat.drop":1,"stat.playOneMinute":37696,"stat.pickup.minecraft.torch":16,"stat.killEntity.Sheep":2,"stat.mineBlock.minecraft.redstone_ore":11,"stat.sneakTime":1739,"stat.craftItem.minecraft.iron_pickaxe":1,"stat.pickup.minecraft.wool":2,"stat.mineBlock.minecraft.stone":61,"stat.craftItem.minecraft.cooked_mutton":5,"stat.diveOneCm":1150,"stat.pickup.minecraft.cooked_mutton":1}