{"stat.pickup.minecraft.tripwire_hook":2,"stat.pickup.minecraft.bone":7,"stat.craftItem.iceandfire.armor_bronze_chestplate":1,"stat.useItem.minecraft.iron_axe":52,"stat.leaveGame":11,"stat.mineBlock.minecraft.cobblestone":4,"stat.pickup.minecraft.flint":4,"stat.craftItem.minecraft.iron_axe":1,"stat.killEntity.mutantbeasts.mutant_skeleton":1,"stat.pickup.mutantbeasts.mutant_skeleton_pelvis":1,"stat.craftItem.minecraft.wool":4,"stat.killEntity.grimoireofgaia.centaur":1,"stat.swimOneCm":18427,"stat.craftItem.minecraft.shield":1,"stat.mineBlock.minecraft.web":2,"stat.pickup.betteranimalsplus.fried_egg":5,"stat.craftItem.iceandfire.armor_bronze_helmet":1,"stat.pickup.minecraft.porkchop":1,"stat.killEntity.betteranimalsplus.boar":1,"stat.useItem.minecraft.stone_slab2":18,"stat.useItem.betteranimalsplus.fried_egg":5,"stat.useItem.minecraft.water_bucket":2,"stat.drop.minecraft.iron_sword":1,"stat.mineBlock.minecraft.stone_brick_stairs":4,"stat.pickup.minecraft.rotten_flesh":6,"stat.craftItem.minecraft.furnace":2,"stat.mineBlock.gb.glucky_block":1,"stat.craftItem.minecraft.iron_boots":1,"stat.craftItem.minecraft.cooked_beef":10,"stat.pickup.minecraft.cobblestone":184,"stat.pickup.mutantbeasts.mutant_skeleton_rib":4,"stat.flyOneCm":217256,"stat.entityKilledBy.firedragon":2,"stat.craftItem.minecraft.wooden_hoe":1,"stat.pickup.minecraft.redstone":59,"stat.mineBlock.minecraft.iron_ore":43,"stat.timeSinceDeath":4653,"stat.useItem.minecraft.iron_pickaxe":474,"stat.pickup.minecraft.mutton":9,"stat.pickup.grimoireofgaia.box_iron":1,"stat.drop.minecraft.cooked_mutton":1,"stat.entityKilledBy.grimoireofgaia.satyress":1,"stat.pickup.travelersbackpack.travelers_backpack":1,"stat.pickup.bhc.red_heart":2,"stat.pickup.minecraft.stonebrick":17,"stat.furnaceInteraction":58,"stat.pickup.galacticraftcore.basic_block_core":3,"stat.mineBlock.minecraft.rail":27,"stat.pickup.minecraft.iron_shovel":2,"stat.pickup.iceandfire.dragon_skull":1,"stat.mineBlock.minecraft.coal_ore":183,"stat.pickup.extrautils2.ingredients":2,"stat.talkedToVillager":1,"stat.pickup.minecraft.string":11,"stat.pickup.minecraft.beef":4,"stat.useItem.minecraft.cooked_mutton":5,"stat.pickup.minecraft.furnace":2,"stat.craftItem.minecraft.stone_slab2":0,"stat.pickup.iceandfire.troll_tusk":1,"stat.craftItem.travelersbackpack.travelers_backpack":2,"stat.useItem.minecraft.written_book":1,"stat.sprintOneCm":192484,"stat.pickup.minecraft.skull":1,"stat.craftItem.minecraft.stick":32,"stat.mineBlock.minecraft.fence":4,"stat.pickup.thaumcraft.crystal_essence":11,"stat.useItem.minecraft.wheat_seeds":5,"stat.mineBlock.minecraft.crafting_table":1,"stat.pickup.grimoireofgaia.box_gold":1,"stat.useItem.minecraft.carrot":10,"stat.pickup.minecraft.emerald":6,"stat.useItem.minecraft.dye":2,"stat.entityKilledBy.betteranimalsplus.boar":1,"stat.deaths":10,"stat.mineBlock.minecraft.planks":15,"stat.drop.galacticraftcore.basic_item":3,"stat.drop":5,"stat.pickup.minecraft.egg":1,"stat.playOneMinute":160172,"stat.entityKilledBy.grimoireofgaia.dullahan":1,"stat.killEntity.Sheep":3,"stat.craftItem.minecraft.iron_pickaxe":2,"stat.useItem.minecraft.melon_seeds":3,"stat.killEntity.Zombie":3,"stat.craftItem.minecraft.dye":9,"stat.pickup.minecraft.iron_bars":1,"stat.pickup.minecraft.dispenser":2,"stat.mineBlock.minecraft.gold_ore":9,"stat.craftItem.minecraft.cooked_mutton":5,"stat.mineBlock.minecraft.tallgrass":78,"stat.diveOneCm":4205,"stat.pickup.minecraft.cooked_mutton":1,"stat.pickup.minecraft.wheat":1,"stat.chestOpened":19,"stat.pickup.iceandfire.troll_leather_mountain":1,"stat.pickup.iceandfire.dragonscales_bronze":28,"stat.mineBlock.minecraft.dispenser":2,"stat.pickup.minecraft.gravel":4,"stat.pickup.minecraft.arrow":16,"stat.pickup.minecraft.iron_sword":1,"stat.killEntity.grimoireofgaia.vase":1,"stat.pickup.minecraft.gold_nugget":2,"stat.useItem.minecraft.rotten_flesh":1,"stat.pickup.minecraft.stone_brick_stairs":4,"stat.craftItem.travelersbackpack.backpack_tank":4,"stat.jump":1588,"stat.useItem.minecraft.wooden_hoe":24,"stat.pickup.minecraft.fence":3,"stat.pickup.minecraft.coal":243,"stat.pickup.minecraft.cooked_chicken":2,"stat.fallOneCm":47279,"stat.pickup.minecraft.iron_ingot":24,"stat.pickup.mutantbeasts.mutant_skeleton_shoulder_pad":1,"stat.pickup.minecraft.carrot":18,"stat.entityKilledBy.CaveSpider":1,"stat.crouchOneCm":7354,"stat.pickup.minecraft.rail":29,"stat.mineBlock.minecraft.chest":2,"stat.craftItem.minecraft.iron_ingot":42,"stat.craftItem.minecraft.torch":52,"stat.craftItem.minecraft.chest":2,"stat.pickup.minecraft.dirt":9,"stat.craftItem.minecraft.iron_helmet":1,"stat.useItem.minecraft.cooked_chicken":2,"stat.pickup.minecraft.iron_ore":46,"stat.craftingTableInteraction":18,"stat.craftItem.iceandfire.armor_bronze_leggings":1,"stat.pickup.iceandfire.fire_dragon_heart":1,"stat.pickup.minecraft.gold_ore":9,"stat.mineBlock.minecraft.iron_bars":1,"stat.mineBlock.minecraft.lapis_ore":4,"stat.damageTaken":3702,"stat.pickup.minecraft.leather":8,"stat.mineBlock.minecraft.torch":1,"stat.mineBlock.minecraft.furnace":2,"stat.pickup.minecraft.written_book":2,"stat.useItem.minecraft.furnace":2,"stat.dispenserInspected":2,"stat.pickup.minecraft.dye":27,"stat.pickup.minecraft.planks":29,"stat.pickup.minecraft.wheat_seeds":9,"stat.mineBlock.minecraft.gravel":5,"stat.craftItem.minecraft.iron_leggings":1,"stat.damageDealt":7785,"stat.craftItem.minecraft.glass":25,"stat.sleepInBed":9,"stat.killEntity.Cow":2,"stat.mineBlock.minecraft.dirt":10,"stat.craftItem.minecraft.iron_sword":2,"stat.walkOneCm":398237,"stat.useItem.minecraft.torch":40,"stat.useItem.minecraft.bread":1,"stat.pickup.minecraft.stick":4,"stat.pickup.minecraft.iron_nugget":2,"stat.pickup.minecraft.crafting_table":1,"stat.useItem.minecraft.cobblestone":99,"stat.craftItem.minecraft.crafting_table":2,"stat.mineBlock.minecraft.double_plant":1,"stat.mineBlock.thaumcraft.crystal_aer":4,"stat.mineBlock.minecraft.emerald_ore":4,"stat.pickup.minecraft.log":17,"stat.mineBlock.galacticraftcore.basic_block_core":3,"stat.pickup.minecraft.iron_pickaxe":1,"stat.entityKilledBy.grimoireofgaia.minotaurus":1,"stat.craftItem.minecraft.gold_ingot":21,"stat.pickup.minecraft.stone":6,"stat.craftItem.minecraft.iron_chestplate":1,"stat.pickup.minecraft.chicken":5,"stat.killEntity.grimoireofgaia.dullahan":1,"stat.pickup.minecraft.gold_ingot":7,"stat.killEntity.Skeleton":2,"stat.craftItem.travelersbackpack.sleeping_bag_bottom":2,"stat.mineBlock.minecraft.tripwire_hook":1,"stat.craftItem.minecraft.bucket":2,"stat.mineBlock.minecraft.stonebrick":14,"stat.useItem.minecraft.iron_sword":297,"stat.craftItem.minecraft.planks":48,"stat.killEntity.Chicken":1,"stat.pickup.gb.globette":2,"stat.mobKills":20,"stat.mineBlock.minecraft.log":18,"stat.pickup.minecraft.golden_sword":2,"stat.pickup.iceandfire.dragonbone":13,"stat.mineBlock.minecraft.leaves":10,"stat.pickup.minecraft.torch":17,"stat.pickup.mutantbeasts.mutant_skeleton_limb":3,"stat.pickup.minecraft.red_flower":9,"stat.mineBlock.minecraft.redstone_ore":18,"stat.pickup.thaumcraft.brain":1,"stat.sneakTime":2913,"stat.pickup.minecraft.wool":6,"stat.craftItem.galacticraftcore.basic_item":3,"stat.craftItem.iceandfire.armor_bronze_boots":1,"stat.mineBlock.minecraft.stone":118,"stat.entityKilledBy.grimoireofgaia.centaur":2,"stat.killEntity.grimoireofgaia.minotaurus":1,"stat.pickup.minecraft.chest":2}