{"stat.cakeSlicesEaten":2,"stat.pickup.minecraft.bone":2,"stat.mineBlock.iceandfire.chared_grass":1,"stat.leaveGame":13,"stat.mineBlock.minecraft.cobblestone":4,"stat.entityKilledBy.betteranimalsplus.shark":1,"stat.mineBlock.ic2.sapling":1,"stat.pickup.extrautils2.redorchid":2,"stat.mineBlock.iceandfire.chared_stone":4,"stat.mineBlock.ic2.rubber_wood":4,"stat.useItem.minecraft.diamond_sword":566,"stat.craftItem.minecraft.wool":3,"stat.pickup.minecraft.flower_pot":1,"stat.drop.draconicevolution.draconic_staff_of_power":2,"stat.killEntity.grimoireofgaia.centaur":3,"stat.swimOneCm":57348,"stat.climbOneCm":2012,"stat.useItem.minecraft.planks":2,"stat.mineBlock.thaumcraft.ore_amber":14,"stat.craftItem.iceandfire.armor_green_chestplate":1,"stat.useItem.minecraft.dirt":445,"stat.useItem.minecraft.stone_slab2":42,"stat.pickup.minecraft.iron_boots":1,"stat.useItem.minecraft.water_bucket":7,"stat.pickup.minecraft.rotten_flesh":14,"stat.pickup.minecraft.sand":12,"stat.craftItem.minecraft.furnace":1,"stat.mineBlock.minecraft.obsidian":6,"stat.pickup.minecraft.cobblestone":48,"stat.mineBlock.projecte.transmutation_table":13,"stat.flyOneCm":715555,"stat.craftItem.minecraft.glass_bottle":9,"stat.pickup.minecraft.glass_bottle":6,"stat.entityKilledBy.firedragon":14,"stat.mineBlock.minecraft.sand":10,"stat.pickup.minecraft.fish":2,"stat.mineBlock.minecraft.iron_ore":26,"stat.timeSinceDeath":9019,"stat.pickup.minecraft.mossy_cobblestone":1,"stat.mineBlock.chisel.marble2":1,"stat.pickup.minecraft.chainmail_helmet":1,"stat.pickup.chisel.chisel_diamond":1,"stat.pickup.bhc.red_heart":2,"stat.pickup.minecraft.stonebrick":70,"stat.furnaceInteraction":17,"stat.pickup.galacticraftcore.basic_block_core":16,"stat.craftItem.futureminecraf.smoothstone":1,"stat.pickup.iceandfire.dragon_skull":3,"stat.mineBlock.minecraft.coal_ore":22,"stat.talkedToVillager":4,"stat.entityKilledBy.grimoireofgaia.harpy":1,"stat.killEntity.grimoireofgaia.satyress":1,"stat.pickup.minecraft.string":3,"stat.pickup.minecraft.furnace":3,"stat.useItem.minecraft.cooked_mutton":32,"stat.craftItem.minecraft.stone_slab2":0,"stat.craftItem.travelersbackpack.travelers_backpack":1,"stat.sprintOneCm":528581,"stat.useItem.minecraft.diamond_shovel":517,"stat.craftItem.minecraft.stick":28,"stat.mineBlock.mekanism.oreblock":6,"stat.pickup.ic2.resource":1,"stat.useItem.ic2.sapling":9,"stat.pickup.thaumcraft.crystal_essence":29,"stat.pickup.thaumcraft.nugget":2,"stat.useItem.minecraft.diamond_pickaxe":214,"stat.mineBlock.minecraft.quartz_block":3,"stat.pickup.draconicevolution.draconic_staff_of_power":2,"stat.mineBlock.ic2.leaves":18,"stat.deaths":34,"stat.mineBlock.minecraft.planks":3,"stat.drop":3,"stat.pickup.minecraft.egg":1,"stat.playOneMinute":249180,"stat.craftItem.minecraft.diamond_pickaxe":1,"stat.killEntity.Zombie":12,"stat.craftItem.minecraft.dye":2,"stat.pickup.minecraft.iron_bars":7,"stat.craftItem.minecraft.diamond_axe":1,"stat.pickup.chisel.marble2":1,"stat.mineBlock.minecraft.tallgrass":282,"stat.diveOneCm":12587,"stat.chestOpened":55,"stat.pickup.tconstruct.tooltables":2,"stat.pickup.thaumcraft.curio":3,"stat.pickup.minecraft.gravel":1,"stat.useItem.minecraft.glass_bottle":2,"stat.useItem.minecraft.diamond_axe":72,"stat.pickup.minecraft.obsidian":5,"stat.pickup.minecraft.gold_nugget":129,"stat.useItem.minecraft.potion":2,"stat.killEntity.betteranimalsplus.shark":1,"stat.craftItem.minecraft.diamond_sword":1,"stat.pickup.projecte.item.pe_fuel":62,"stat.jump":3271,"stat.pickup.minecraft.coal":29,"stat.fallOneCm":96669,"stat.pickup.minecraft.iron_ingot":3,"stat.pickup.iceandfire.chared_gravel":1,"stat.crouchOneCm":3438,"stat.pickup.iceandfire.chared_stone":4,"stat.entityKilledBy.grimoireofgaia.werecat":1,"stat.craftItem.minecraft.torch":28,"stat.craftItem.minecraft.iron_ingot":1,"stat.pickup.minecraft.dirt":488,"stat.pickup.minecraft.melon":13,"stat.pickup.minecraft.iron_ore":26,"stat.craftingTableInteraction":3,"stat.pickup.iceandfire.fire_dragon_heart":2,"stat.mineBlock.minecraft.iron_bars":4,"stat.mineBlock.ic2.resource":1,"stat.mineBlock.tconstruct.tooltables":2,"stat.damageTaken":10933,"stat.pickup.minecraft.leather":8,"stat.mineBlock.minecraft.furnace":3,"stat.mineBlock.minecraft.torch":1,"stat.mineBlock.minecraft.melon_block":1,"stat.pickup.minecraft.written_book":1,"stat.pickup.minecraft.prismarine_shard":1,"stat.pickup.ic2.rubber_wood":8,"stat.pickup.minecraft.planks":3,"stat.pickup.minecraft.reeds":4,"stat.pickup.chisel.limestone2":3,"stat.pickup.minecraft.bed":5,"stat.craftItem.minecraft.diamond_shovel":1,"stat.pickup.minecraft.wheat_seeds":46,"stat.pickup.minecraft.quartz_block":3,"stat.entityKilledBy.Zombie":1,"stat.mineBlock.minecraft.gravel":2,"stat.damageDealt":14104,"stat.craftItem.minecraft.glass":14,"stat.pickup.iceandfire.chared_grass":1,"stat.sleepInBed":18,"stat.pickup.projecte.item.pe_time_watch":1,"stat.mineBlock.minecraft.dirt":498,"stat.walkOneCm":606999,"stat.useItem.minecraft.torch":13,"stat.pickup.minecraft.golden_apple":2,"stat.playerKills":3,"stat.useItem.minecraft.chest":4,"stat.pickup.minecraft.stick":4,"stat.pickup.minecraft.iron_nugget":15,"stat.pickup.mekanism.oreblock":6,"stat.mineBlock.minecraft.double_plant":13,"stat.useItem.minecraft.lava_bucket":1,"stat.mineBlock.thaumcraft.crystal_aer":9,"stat.pickup.grimoireofgaia.food_honey":1,"stat.drop.minecraft.diamond_axe":1,"stat.pickup.minecraft.log":57,"stat.useItem.projecte.transmutation_table":1,"stat.mineBlock.galacticraftcore.basic_block_core":17,"stat.entityKilledBy.grimoireofgaia.minotaurus":3,"stat.pickup.minecraft.stone":2,"stat.pickup.projecte.transmutation_table":14,"stat.pickup.minecraft.sapling":21,"stat.pickup.minecraft.apple":1,"stat.pickup.minecraft.gold_ingot":1,"stat.craftItem.travelersbackpack.sleeping_bag_bottom":1,"stat.mineBlock.iceandfire.goldpile":24,"stat.mineBlock.minecraft.stonebrick":5,"stat.craftItem.minecraft.planks":140,"stat.pickup.travelersbackpack.backpack_tank":2,"stat.pickup.iceandfire.dragonscales_green":46,"stat.killEntity.grimoireofgaia.harpy":2,"stat.pickup.gb.globette":4,"stat.mobKills":23,"stat.pickup.minecraft.book":9,"stat.mineBlock.minecraft.log":56,"stat.mineBlock.minecraft.bookshelf":3,"stat.pickup.iceandfire.dragonbone":35,"stat.mineBlock.minecraft.leaves":8,"stat.pickup.minecraft.torch":1,"stat.pickup.minecraft.red_flower":3,"stat.pickup.thaumcraft.brain":1,"stat.sneakTime":1685,"stat.pickup.thaumcraft.amber":42,"stat.killEntity.grimoireofgaia.bee":1,"stat.pickup.ic2.sapling":2,"stat.killEntity.firedragon":2,"stat.pickup.minecraft.stone_slab":2,"stat.mineBlock.minecraft.stone":48,"stat.entityKilledBy.grimoireofgaia.centaur":2,"stat.killEntity.grimoireofgaia.minotaurus":2,"stat.pickup.minecraft.chest":1}