{"stat.walkOneCm":87510,"stat.useItem.minecraft.torch":2,"stat.playerKills":1,"stat.leaveGame":7,"stat.pickup.thaumcraft.curio":1,"stat.mineBlock.chisel.marble2":1,"stat.useItem.minecraft.glass_bottle":2,"stat.pickup.mekanism.oreblock":1,"stat.useItem.minecraft.diamond_axe":36,"stat.furnaceInteraction":11,"stat.pickup.galacticraftcore.basic_block_core":5,"stat.pickup.iceandfire.dragon_skull":1,"stat.useItem.minecraft.lava_bucket":1,"stat.mineBlock.minecraft.coal_ore":10,"stat.mineBlock.ic2.rubber_wood":4,"stat.useItem.minecraft.diamond_sword":122,"stat.drop.draconicevolution.draconic_staff_of_power":2,"stat.entityKilledBy.grimoireofgaia.harpy":1,"stat.useItem.minecraft.potion":2,"stat.pickup.minecraft.log":34,"stat.craftItem.minecraft.diamond_sword":1,"stat.useItem.projecte.transmutation_table":1,"stat.jump":576,"stat.swimOneCm":33060,"stat.mineBlock.galacticraftcore.basic_block_core":5,"stat.pickup.minecraft.coal":16,"stat.fallOneCm":19989,"stat.climbOneCm":1464,"stat.useItem.minecraft.cooked_mutton":3,"stat.pickup.minecraft.furnace":2,"stat.mineBlock.thaumcraft.ore_amber":2,"stat.entityKilledBy.grimoireofgaia.minotaurus":1,"stat.craftItem.minecraft.stone_slab2":0,"stat.crouchOneCm":642,"stat.pickup.projecte.transmutation_table":6,"stat.entityKilledBy.grimoireofgaia.werecat":1,"stat.craftItem.minecraft.torch":28,"stat.pickup.minecraft.sapling":14,"stat.sprintOneCm":95142,"stat.useItem.minecraft.stone_slab2":15,"stat.pickup.minecraft.apple":1,"stat.craftItem.minecraft.stick":28,"stat.useItem.minecraft.water_bucket":3,"stat.pickup.minecraft.iron_ore":4,"stat.mineBlock.mekanism.oreblock":1,"stat.pickup.minecraft.rotten_flesh":2,"stat.pickup.minecraft.sand":10,"stat.pickup.iceandfire.fire_dragon_heart":1,"stat.craftItem.minecraft.furnace":1,"stat.craftItem.minecraft.planks":136,"stat.pickup.iceandfire.dragonscales_green":46,"stat.damageTaken":3922,"stat.useItem.minecraft.diamond_pickaxe":52,"stat.mineBlock.minecraft.quartz_block":3,"stat.mineBlock.minecraft.furnace":2,"stat.pickup.draconicevolution.draconic_staff_of_power":2,"stat.mineBlock.ic2.leaves":18,"stat.pickup.minecraft.cobblestone":17,"stat.mobKills":2,"stat.mineBlock.projecte.transmutation_table":6,"stat.mineBlock.minecraft.log":34,"stat.pickup.ic2.rubber_wood":4,"stat.pickup.iceandfire.dragonbone":12,"stat.flyOneCm":142186,"stat.craftItem.minecraft.glass_bottle":9,"stat.deaths":12,"stat.entityKilledBy.firedragon":8,"stat.drop":2,"stat.pickup.minecraft.wheat_seeds":3,"stat.pickup.minecraft.quartz_block":3,"stat.mineBlock.minecraft.leaves":2,"stat.mineBlock.minecraft.sand":10,"stat.playOneMinute":48981,"stat.sneakTime":455,"stat.pickup.thaumcraft.amber":2,"stat.damageDealt":3346,"stat.craftItem.minecraft.diamond_pickaxe":1,"stat.craftItem.minecraft.glass":12,"stat.pickup.ic2.sapling":1,"stat.mineBlock.minecraft.iron_ore":4,"stat.sleepInBed":4,"stat.killEntity.firedragon":1,"stat.killEntity.Zombie":1,"stat.timeSinceDeath":15716,"stat.craftItem.minecraft.diamond_axe":1,"stat.mineBlock.minecraft.stone":18,"stat.pickup.chisel.marble2":1,"stat.mineBlock.minecraft.tallgrass":10,"stat.diveOneCm":1503}