{"stat.chestOpened":2,"stat.pickup.minecraft.bone":5,"stat.leaveGame":7,"stat.pickup.minecraft.gravel":4,"stat.pickup.minecraft.arrow":3,"stat.pickup.minecraft.flint":4,"stat.craftItem.minecraft.iron_axe":1,"stat.jump":334,"stat.swimOneCm":7151,"stat.pickup.minecraft.coal":129,"stat.fallOneCm":10221,"stat.pickup.minecraft.iron_ingot":17,"stat.crouchOneCm":4834,"stat.craftItem.minecraft.iron_ingot":16,"stat.pickup.minecraft.dirt":6,"stat.useItem.minecraft.stone_slab2":3,"stat.pickup.minecraft.iron_ore":21,"stat.craftingTableInteraction":5,"stat.pickup.minecraft.rotten_flesh":4,"stat.craftItem.minecraft.furnace":2,"stat.mineBlock.minecraft.lapis_ore":4,"stat.damageTaken":816,"stat.mineBlock.minecraft.torch":1,"stat.mineBlock.minecraft.furnace":2,"stat.pickup.minecraft.written_book":1,"stat.useItem.minecraft.furnace":1,"stat.pickup.minecraft.cobblestone":147,"stat.pickup.minecraft.dye":27,"stat.pickup.minecraft.planks":10,"stat.flyOneCm":33045,"stat.pickup.minecraft.wheat_seeds":2,"stat.mineBlock.minecraft.gravel":5,"stat.damageDealt":978,"stat.pickup.minecraft.redstone":29,"stat.mineBlock.minecraft.iron_ore":18,"stat.sleepInBed":3,"stat.timeSinceDeath":246,"stat.useItem.minecraft.iron_pickaxe":262,"stat.mineBlock.minecraft.dirt":4,"stat.pickup.minecraft.mutton":9,"stat.craftItem.minecraft.iron_sword":1,"stat.drop.minecraft.cooked_mutton":1,"stat.walkOneCm":117680,"stat.useItem.minecraft.torch":14,"stat.entityKilledBy.grimoireofgaia.satyress":1,"stat.pickup.minecraft.stick":1,"stat.pickup.bhc.red_heart":1,"stat.useItem.minecraft.cobblestone":82,"stat.furnaceInteraction":23,"stat.craftItem.minecraft.crafting_table":1,"stat.pickup.galacticraftcore.basic_block_core":3,"stat.mineBlock.minecraft.double_plant":1,"stat.mineBlock.thaumcraft.crystal_aer":4,"stat.mineBlock.minecraft.coal_ore":102,"stat.pickup.extrautils2.ingredients":1,"stat.mineBlock.minecraft.emerald_ore":1,"stat.talkedToVillager":1,"stat.mineBlock.galacticraftcore.basic_block_core":3,"stat.pickup.minecraft.iron_pickaxe":1,"stat.useItem.minecraft.cooked_mutton":4,"stat.pickup.minecraft.furnace":2,"stat.craftItem.minecraft.stone_slab2":0,"stat.pickup.minecraft.stone":6,"stat.craftItem.minecraft.iron_chestplate":1,"stat.pickup.minecraft.chicken":4,"stat.useItem.minecraft.written_book":1,"stat.sprintOneCm":27673,"stat.craftItem.minecraft.stick":4,"stat.craftItem.minecraft.bucket":1,"stat.useItem.minecraft.iron_sword":33,"stat.pickup.thaumcraft.crystal_essence":11,"stat.mobKills":7,"stat.pickup.minecraft.emerald":1,"stat.deaths":2,"stat.drop":1,"stat.playOneMinute":59584,"stat.pickup.minecraft.torch":16,"stat.killEntity.Sheep":2,"stat.mineBlock.minecraft.redstone_ore":11,"stat.pickup.thaumcraft.brain":1,"stat.sneakTime":1891,"stat.craftItem.minecraft.iron_pickaxe":1,"stat.pickup.minecraft.wool":2,"stat.killEntity.Zombie":1,"stat.mineBlock.minecraft.stone":85,"stat.craftItem.minecraft.cooked_mutton":5,"stat.mineBlock.minecraft.tallgrass":10,"stat.diveOneCm":1150,"stat.pickup.minecraft.cooked_mutton":1}