{"stat.pickup.minecraft.rotten_flesh":2,"stat.chestOpened":1,"stat.walkOneCm":35128,"stat.pickup.minecraft.bone":5,"stat.useItem.minecraft.torch":2,"stat.leaveGame":3,"stat.pickup.minecraft.arrow":3,"stat.pickup.bhc.red_heart":1,"stat.damageTaken":46,"stat.useItem.minecraft.cobblestone":14,"stat.furnaceInteraction":4,"stat.pickup.minecraft.flint":3,"stat.mineBlock.minecraft.double_plant":1,"stat.pickup.minecraft.cobblestone":69,"stat.mobKills":6,"stat.pickup.minecraft.dye":3,"stat.flyOneCm":19481,"stat.jump":118,"stat.playOneMinute":25556,"stat.fallOneCm":4996,"stat.pickup.minecraft.iron_pickaxe":1,"stat.pickup.minecraft.torch":15,"stat.killEntity.Sheep":2,"stat.useItem.minecraft.cooked_mutton":1,"stat.sneakTime":874,"stat.pickup.minecraft.wool":2,"stat.damageDealt":335,"stat.crouchOneCm":2157,"stat.pickup.minecraft.chicken":4,"stat.sleepInBed":2,"stat.timeSinceDeath":25556,"stat.sprintOneCm":15205,"stat.useItem.minecraft.iron_pickaxe":18,"stat.mineBlock.minecraft.stone":5,"stat.craftItem.minecraft.cooked_mutton":5,"stat.pickup.minecraft.mutton":9}