{"stat.walkOneCm":46562,"stat.playerKills":1,"stat.leaveGame":7,"stat.useItem.minecraft.diamond_axe":36,"stat.mineBlock.ic2.rubber_wood":4,"stat.drop.draconicevolution.draconic_staff_of_power":2,"stat.entityKilledBy.grimoireofgaia.harpy":1,"stat.pickup.minecraft.log":34,"stat.craftItem.minecraft.diamond_sword":1,"stat.useItem.projecte.transmutation_table":1,"stat.jump":235,"stat.swimOneCm":1286,"stat.fallOneCm":7098,"stat.entityKilledBy.grimoireofgaia.minotaurus":1,"stat.crouchOneCm":4,"stat.pickup.projecte.transmutation_table":5,"stat.entityKilledBy.grimoireofgaia.werecat":1,"stat.pickup.minecraft.sapling":14,"stat.sprintOneCm":39182,"stat.useItem.minecraft.stone_slab2":10,"stat.pickup.minecraft.apple":1,"stat.craftItem.minecraft.stick":8,"stat.pickup.minecraft.sand":1,"stat.craftItem.minecraft.planks":16,"stat.damageTaken":1555,"stat.useItem.minecraft.diamond_pickaxe":8,"stat.mineBlock.minecraft.quartz_block":3,"stat.pickup.draconicevolution.draconic_staff_of_power":2,"stat.mineBlock.ic2.leaves":18,"stat.mineBlock.projecte.transmutation_table":5,"stat.mineBlock.minecraft.log":34,"stat.pickup.ic2.rubber_wood":4,"stat.flyOneCm":59852,"stat.deaths":4,"stat.drop":2,"stat.pickup.minecraft.wheat_seeds":2,"stat.pickup.minecraft.quartz_block":3,"stat.mineBlock.minecraft.leaves":2,"stat.mineBlock.minecraft.sand":1,"stat.playOneMinute":24681,"stat.sneakTime":166,"stat.damageDealt":380,"stat.craftItem.minecraft.diamond_pickaxe":1,"stat.pickup.ic2.sapling":1,"stat.sleepInBed":3,"stat.timeSinceDeath":14685,"stat.craftItem.minecraft.diamond_axe":1,"stat.mineBlock.minecraft.tallgrass":4}