{"stat.walkOneCm":20391,"stat.playerKills":1,"stat.leaveGame":6,"stat.drop.draconicevolution.draconic_staff_of_power":2,"stat.entityKilledBy.grimoireofgaia.harpy":1,"stat.useItem.projecte.transmutation_table":1,"stat.jump":148,"stat.swimOneCm":1286,"stat.fallOneCm":4261,"stat.entityKilledBy.grimoireofgaia.minotaurus":1,"stat.crouchOneCm":4,"stat.entityKilledBy.grimoireofgaia.werecat":1,"stat.sprintOneCm":15930,"stat.useItem.minecraft.stone_slab2":1,"stat.damageTaken":1555,"stat.pickup.draconicevolution.draconic_staff_of_power":2,"stat.flyOneCm":41083,"stat.deaths":4,"stat.drop":2,"stat.pickup.minecraft.wheat_seeds":2,"stat.playOneMinute":13911,"stat.sneakTime":133,"stat.damageDealt":380,"stat.sleepInBed":2,"stat.timeSinceDeath":3915,"stat.mineBlock.minecraft.tallgrass":3}