{"stat.chestOpened":1,"stat.walkOneCm":113105,"stat.useItem.minecraft.torch":10,"stat.playerKills":1,"stat.leaveGame":7,"stat.pickup.thaumcraft.curio":1,"stat.mineBlock.chisel.marble2":1,"stat.useItem.minecraft.glass_bottle":2,"stat.mineBlock.minecraft.cobblestone":4,"stat.pickup.mekanism.oreblock":1,"stat.useItem.minecraft.diamond_axe":36,"stat.furnaceInteraction":11,"stat.pickup.galacticraftcore.basic_block_core":5,"stat.pickup.iceandfire.dragon_skull":1,"stat.useItem.minecraft.lava_bucket":1,"stat.mineBlock.minecraft.coal_ore":10,"stat.pickup.minecraft.obsidian":5,"stat.mineBlock.ic2.rubber_wood":4,"stat.useItem.minecraft.diamond_sword":122,"stat.drop.draconicevolution.draconic_staff_of_power":2,"stat.entityKilledBy.grimoireofgaia.harpy":1,"stat.useItem.minecraft.potion":2,"stat.pickup.minecraft.log":34,"stat.craftItem.minecraft.diamond_sword":1,"stat.useItem.projecte.transmutation_table":1,"stat.jump":864,"stat.swimOneCm":35086,"stat.mineBlock.galacticraftcore.basic_block_core":5,"stat.pickup.minecraft.coal":16,"stat.fallOneCm":29534,"stat.climbOneCm":1480,"stat.useItem.minecraft.cooked_mutton":8,"stat.pickup.minecraft.furnace":2,"stat.mineBlock.thaumcraft.ore_amber":2,"stat.entityKilledBy.grimoireofgaia.minotaurus":1,"stat.craftItem.minecraft.stone_slab2":0,"stat.crouchOneCm":642,"stat.pickup.projecte.transmutation_table":9,"stat.entityKilledBy.grimoireofgaia.werecat":1,"stat.craftItem.minecraft.torch":28,"stat.pickup.minecraft.sapling":14,"stat.sprintOneCm":134674,"stat.useItem.minecraft.stone_slab2":19,"stat.pickup.minecraft.apple":1,"stat.craftItem.minecraft.stick":28,"stat.useItem.minecraft.water_bucket":7,"stat.pickup.minecraft.iron_ore":4,"stat.mineBlock.mekanism.oreblock":1,"stat.pickup.minecraft.rotten_flesh":2,"stat.pickup.minecraft.sand":10,"stat.pickup.iceandfire.fire_dragon_heart":1,"stat.craftItem.minecraft.furnace":1,"stat.craftItem.minecraft.planks":136,"stat.pickup.iceandfire.dragonscales_green":46,"stat.damageTaken":4019,"stat.useItem.minecraft.diamond_pickaxe":77,"stat.mineBlock.minecraft.quartz_block":3,"stat.mineBlock.minecraft.furnace":2,"stat.pickup.draconicevolution.draconic_staff_of_power":2,"stat.mineBlock.minecraft.obsidian":6,"stat.mineBlock.ic2.leaves":18,"stat.pickup.minecraft.cobblestone":29,"stat.mobKills":2,"stat.mineBlock.projecte.transmutation_table":9,"stat.mineBlock.minecraft.log":34,"stat.pickup.ic2.rubber_wood":4,"stat.pickup.iceandfire.dragonbone":12,"stat.flyOneCm":207397,"stat.craftItem.minecraft.glass_bottle":9,"stat.deaths":12,"stat.entityKilledBy.firedragon":8,"stat.drop":2,"stat.pickup.minecraft.wheat_seeds":3,"stat.pickup.minecraft.quartz_block":3,"stat.mineBlock.minecraft.leaves":2,"stat.mineBlock.minecraft.sand":10,"stat.playOneMinute":61581,"stat.sneakTime":485,"stat.pickup.thaumcraft.amber":2,"stat.damageDealt":3381,"stat.craftItem.minecraft.diamond_pickaxe":1,"stat.craftItem.minecraft.glass":12,"stat.pickup.ic2.sapling":1,"stat.mineBlock.minecraft.iron_ore":4,"stat.sleepInBed":5,"stat.killEntity.firedragon":1,"stat.killEntity.Zombie":1,"stat.timeSinceDeath":28316,"stat.pickup.minecraft.iron_bars":1,"stat.craftItem.minecraft.diamond_axe":1,"stat.mineBlock.minecraft.stone":28,"stat.pickup.chisel.marble2":1,"stat.mineBlock.minecraft.tallgrass":10,"stat.diveOneCm":1503}