{"stat.leaveGame":8,"stat.mineBlock.minecraft.cobblestone":4,"stat.mineBlock.ic2.rubber_wood":4,"stat.useItem.minecraft.diamond_sword":134,"stat.drop.draconicevolution.draconic_staff_of_power":2,"stat.swimOneCm":35086,"stat.climbOneCm":2012,"stat.mineBlock.thaumcraft.ore_amber":2,"stat.useItem.minecraft.stone_slab2":20,"stat.useItem.minecraft.water_bucket":7,"stat.pickup.minecraft.rotten_flesh":2,"stat.pickup.minecraft.sand":10,"stat.craftItem.minecraft.furnace":1,"stat.mineBlock.minecraft.obsidian":6,"stat.pickup.minecraft.cobblestone":29,"stat.mineBlock.projecte.transmutation_table":9,"stat.flyOneCm":241073,"stat.craftItem.minecraft.glass_bottle":9,"stat.entityKilledBy.firedragon":8,"stat.mineBlock.minecraft.sand":10,"stat.mineBlock.minecraft.iron_ore":4,"stat.timeSinceDeath":587,"stat.mineBlock.chisel.marble2":1,"stat.furnaceInteraction":11,"stat.pickup.galacticraftcore.basic_block_core":5,"stat.pickup.iceandfire.dragon_skull":1,"stat.mineBlock.minecraft.coal_ore":10,"stat.entityKilledBy.grimoireofgaia.harpy":1,"stat.pickup.minecraft.furnace":2,"stat.useItem.minecraft.cooked_mutton":8,"stat.craftItem.minecraft.stone_slab2":0,"stat.sprintOneCm":157543,"stat.craftItem.minecraft.stick":28,"stat.mineBlock.mekanism.oreblock":1,"stat.useItem.minecraft.diamond_pickaxe":77,"stat.mineBlock.minecraft.quartz_block":3,"stat.pickup.draconicevolution.draconic_staff_of_power":2,"stat.mineBlock.ic2.leaves":18,"stat.deaths":13,"stat.drop":2,"stat.playOneMinute":72665,"stat.craftItem.minecraft.diamond_pickaxe":1,"stat.killEntity.Zombie":1,"stat.pickup.minecraft.iron_bars":1,"stat.craftItem.minecraft.diamond_axe":1,"stat.pickup.chisel.marble2":1,"stat.mineBlock.minecraft.tallgrass":15,"stat.diveOneCm":1503,"stat.chestOpened":2,"stat.pickup.thaumcraft.curio":1,"stat.useItem.minecraft.glass_bottle":2,"stat.useItem.minecraft.diamond_axe":36,"stat.pickup.minecraft.obsidian":5,"stat.useItem.minecraft.potion":2,"stat.craftItem.minecraft.diamond_sword":1,"stat.jump":1003,"stat.pickup.minecraft.coal":16,"stat.fallOneCm":33829,"stat.crouchOneCm":733,"stat.entityKilledBy.grimoireofgaia.werecat":1,"stat.craftItem.minecraft.torch":28,"stat.pickup.minecraft.iron_ore":4,"stat.pickup.iceandfire.fire_dragon_heart":1,"stat.damageTaken":4166,"stat.mineBlock.minecraft.furnace":2,"stat.mineBlock.minecraft.torch":1,"stat.pickup.ic2.rubber_wood":4,"stat.pickup.minecraft.reeds":4,"stat.pickup.minecraft.wheat_seeds":3,"stat.pickup.minecraft.quartz_block":3,"stat.mineBlock.minecraft.gravel":1,"stat.damageDealt":3688,"stat.craftItem.minecraft.glass":12,"stat.sleepInBed":7,"stat.walkOneCm":141127,"stat.useItem.minecraft.torch":11,"stat.playerKills":1,"stat.pickup.mekanism.oreblock":1,"stat.useItem.minecraft.lava_bucket":1,"stat.pickup.minecraft.log":34,"stat.useItem.projecte.transmutation_table":1,"stat.mineBlock.galacticraftcore.basic_block_core":5,"stat.entityKilledBy.grimoireofgaia.minotaurus":1,"stat.pickup.projecte.transmutation_table":9,"stat.pickup.minecraft.sapling":14,"stat.pickup.minecraft.apple":1,"stat.craftItem.minecraft.planks":136,"stat.pickup.iceandfire.dragonscales_green":46,"stat.killEntity.grimoireofgaia.harpy":1,"stat.mobKills":3,"stat.mineBlock.minecraft.log":34,"stat.pickup.iceandfire.dragonbone":12,"stat.mineBlock.minecraft.leaves":2,"stat.pickup.minecraft.torch":1,"stat.sneakTime":690,"stat.pickup.thaumcraft.amber":2,"stat.pickup.ic2.sapling":1,"stat.killEntity.firedragon":1,"stat.mineBlock.minecraft.stone":28}