{"stat.pickup.minecraft.bone":7,"stat.useItem.minecraft.iron_axe":50,"stat.leaveGame":10,"stat.mineBlock.minecraft.cobblestone":3,"stat.pickup.minecraft.flint":4,"stat.craftItem.minecraft.iron_axe":1,"stat.killEntity.mutantbeasts.mutant_skeleton":1,"stat.pickup.mutantbeasts.mutant_skeleton_pelvis":1,"stat.swimOneCm":9982,"stat.craftItem.minecraft.shield":1,"stat.mineBlock.minecraft.web":2,"stat.pickup.betteranimalsplus.fried_egg":5,"stat.useItem.minecraft.stone_slab2":9,"stat.useItem.betteranimalsplus.fried_egg":5,"stat.useItem.minecraft.water_bucket":1,"stat.drop.minecraft.iron_sword":1,"stat.pickup.minecraft.rotten_flesh":5,"stat.craftItem.minecraft.furnace":2,"stat.craftItem.minecraft.iron_boots":1,"stat.pickup.minecraft.cobblestone":184,"stat.pickup.mutantbeasts.mutant_skeleton_rib":4,"stat.flyOneCm":72179,"stat.craftItem.minecraft.wooden_hoe":1,"stat.pickup.minecraft.redstone":59,"stat.mineBlock.minecraft.iron_ore":43,"stat.timeSinceDeath":1465,"stat.useItem.minecraft.iron_pickaxe":430,"stat.pickup.minecraft.mutton":9,"stat.drop.minecraft.cooked_mutton":1,"stat.entityKilledBy.grimoireofgaia.satyress":1,"stat.pickup.bhc.red_heart":2,"stat.pickup.minecraft.stonebrick":3,"stat.furnaceInteraction":32,"stat.pickup.galacticraftcore.basic_block_core":3,"stat.mineBlock.minecraft.rail":27,"stat.mineBlock.minecraft.coal_ore":164,"stat.pickup.extrautils2.ingredients":2,"stat.talkedToVillager":1,"stat.pickup.minecraft.string":1,"stat.useItem.minecraft.cooked_mutton":5,"stat.pickup.minecraft.furnace":2,"stat.craftItem.minecraft.stone_slab2":0,"stat.pickup.iceandfire.troll_tusk":1,"stat.useItem.minecraft.written_book":1,"stat.sprintOneCm":93783,"stat.craftItem.minecraft.stick":28,"stat.mineBlock.minecraft.fence":4,"stat.pickup.thaumcraft.crystal_essence":11,"stat.useItem.minecraft.wheat_seeds":1,"stat.mineBlock.minecraft.crafting_table":1,"stat.pickup.minecraft.emerald":5,"stat.useItem.minecraft.dye":2,"stat.deaths":4,"stat.mineBlock.minecraft.planks":15,"stat.drop.galacticraftcore.basic_item":3,"stat.drop":5,"stat.playOneMinute":99733,"stat.entityKilledBy.grimoireofgaia.dullahan":1,"stat.killEntity.Sheep":3,"stat.craftItem.minecraft.iron_pickaxe":2,"stat.killEntity.Zombie":3,"stat.mineBlock.minecraft.gold_ore":9,"stat.craftItem.minecraft.cooked_mutton":5,"stat.mineBlock.minecraft.tallgrass":19,"stat.diveOneCm":1215,"stat.pickup.minecraft.cooked_mutton":1,"stat.pickup.minecraft.wheat":1,"stat.chestOpened":6,"stat.pickup.iceandfire.troll_leather_mountain":1,"stat.pickup.minecraft.gravel":4,"stat.pickup.minecraft.arrow":16,"stat.pickup.minecraft.iron_sword":1,"stat.killEntity.grimoireofgaia.vase":1,"stat.useItem.minecraft.rotten_flesh":1,"stat.jump":729,"stat.useItem.minecraft.wooden_hoe":9,"stat.pickup.minecraft.fence":3,"stat.pickup.minecraft.coal":192,"stat.pickup.minecraft.cooked_chicken":2,"stat.fallOneCm":18081,"stat.pickup.minecraft.iron_ingot":21,"stat.pickup.mutantbeasts.mutant_skeleton_shoulder_pad":1,"stat.entityKilledBy.CaveSpider":1,"stat.crouchOneCm":5429,"stat.pickup.minecraft.rail":29,"stat.craftItem.minecraft.iron_ingot":27,"stat.craftItem.minecraft.torch":52,"stat.pickup.minecraft.dirt":7,"stat.craftItem.minecraft.iron_helmet":1,"stat.useItem.minecraft.cooked_chicken":2,"stat.pickup.minecraft.iron_ore":46,"stat.craftingTableInteraction":12,"stat.pickup.minecraft.gold_ore":9,"stat.mineBlock.minecraft.lapis_ore":4,"stat.damageTaken":1899,"stat.mineBlock.minecraft.torch":1,"stat.mineBlock.minecraft.furnace":2,"stat.pickup.minecraft.written_book":2,"stat.useItem.minecraft.furnace":2,"stat.pickup.minecraft.dye":27,"stat.pickup.minecraft.planks":29,"stat.pickup.minecraft.wheat_seeds":2,"stat.mineBlock.minecraft.gravel":5,"stat.craftItem.minecraft.iron_leggings":1,"stat.damageDealt":4367,"stat.sleepInBed":5,"stat.mineBlock.minecraft.dirt":5,"stat.craftItem.minecraft.iron_sword":1,"stat.walkOneCm":263750,"stat.useItem.minecraft.torch":37,"stat.pickup.minecraft.stick":4,"stat.pickup.minecraft.iron_nugget":2,"stat.pickup.minecraft.crafting_table":1,"stat.useItem.minecraft.cobblestone":96,"stat.craftItem.minecraft.crafting_table":2,"stat.mineBlock.minecraft.double_plant":1,"stat.mineBlock.thaumcraft.crystal_aer":4,"stat.mineBlock.minecraft.emerald_ore":4,"stat.pickup.minecraft.log":17,"stat.mineBlock.galacticraftcore.basic_block_core":3,"stat.pickup.minecraft.iron_pickaxe":1,"stat.pickup.minecraft.stone":6,"stat.craftItem.minecraft.iron_chestplate":1,"stat.pickup.minecraft.chicken":5,"stat.killEntity.grimoireofgaia.dullahan":1,"stat.killEntity.Skeleton":2,"stat.craftItem.minecraft.bucket":2,"stat.useItem.minecraft.iron_sword":148,"stat.craftItem.minecraft.planks":48,"stat.killEntity.Chicken":1,"stat.mobKills":16,"stat.mineBlock.minecraft.log":18,"stat.mineBlock.minecraft.leaves":10,"stat.pickup.minecraft.torch":17,"stat.pickup.mutantbeasts.mutant_skeleton_limb":3,"stat.mineBlock.minecraft.redstone_ore":18,"stat.pickup.thaumcraft.brain":1,"stat.sneakTime":2329,"stat.pickup.minecraft.wool":3,"stat.craftItem.galacticraftcore.basic_item":3,"stat.mineBlock.minecraft.stone":118}