{"stat.leaveGame":3,"stat.pickup.thaumcraft.curio":1,"stat.pickup.minecraft.flint":1,"stat.swimOneCm":16373,"stat.jump":460,"stat.pickup.minecraft.coal":708,"stat.fallOneCm":9267,"stat.mineBlock.thaumcraft.ore_amber":3,"stat.pickup.minecraft.porkchop":13,"stat.crouchOneCm":5805,"stat.craftItem.minecraft.torch":8,"stat.pickup.minecraft.dirt":7,"stat.useItem.minecraft.dirt":4,"stat.useItem.minecraft.stone_slab2":6,"stat.craftingTableInteraction":4,"stat.pickup.minecraft.iron_ore":16,"stat.craftItem.minecraft.furnace":2,"stat.mineBlock.ic2.resource":33,"stat.damageTaken":1065,"stat.pickup.minecraft.feather":3,"stat.mineBlock.minecraft.torch":5,"stat.useItem.minecraft.furnace":1,"stat.pickup.minecraft.cobblestone":66,"stat.pickup.minecraft.planks":108,"stat.mineBlock.chisel.limestone2":3,"stat.pickup.chisel.limestone2":3,"stat.flyOneCm":28046,"stat.pickup.minecraft.wheat_seeds":1,"stat.mineBlock.minecraft.gravel":1,"stat.damageDealt":686,"stat.mineBlock.minecraft.iron_ore":14,"stat.timeSinceDeath":14149,"stat.mineBlock.minecraft.dirt":4,"stat.killEntity.Pig":5,"stat.walkOneCm":46089,"stat.useItem.minecraft.torch":12,"stat.pickup.minecraft.diamond_pickaxe":1,"stat.mineBlock.chisel.marble2":1,"stat.pickup.mekanism.oreblock":33,"stat.useItem.minecraft.cobblestone":26,"stat.craftItem.minecraft.crafting_table":3,"stat.furnaceInteraction":1,"stat.drop.minecraft.dirt":1,"stat.pickup.galacticraftcore.basic_block_core":34,"stat.mineBlock.minecraft.coal_ore":69,"stat.pickup.minecraft.log":2,"stat.mineBlock.galacticraftcore.basic_block_core":34,"stat.pickup.minecraft.stone":12,"stat.pickup.minecraft.chicken":2,"stat.pickup.projecte.transmutation_table":1,"stat.entityKilledBy.BabySkeleton":1,"stat.sprintOneCm":12217,"stat.craftItem.minecraft.stick":4,"stat.craftItem.minecraft.wooden_axe":1,"stat.mineBlock.mekanism.oreblock":34,"stat.pickup.ic2.resource":33,"stat.craftItem.minecraft.planks":8,"stat.killEntity.Chicken":2,"stat.mineBlock.minecraft.crafting_table":1,"stat.pickup.thaumcraft.nugget":1,"stat.useItem.minecraft.diamond_pickaxe":278,"stat.mobKills":8,"stat.mineBlock.minecraft.log":6,"stat.deaths":4,"stat.drop":1,"stat.mineBlock.minecraft.leaves":1,"stat.playOneMinute":33598,"stat.entityKilledBy.grimoireofgaia.dullahan":1,"stat.pickup.minecraft.torch":6,"stat.sneakTime":6916,"stat.pickup.thaumcraft.amber":4,"stat.useItem.minecraft.wooden_axe":13,"stat.mineBlock.minecraft.stone":86,"stat.pickup.chisel.marble2":1,"stat.mineBlock.minecraft.tallgrass":6,"stat.diveOneCm":5003}