{"stat.chestOpened":4,"stat.mineBlock.botania.doubleflower1":1,"stat.useItem.minecraft.iron_axe":4,"stat.leaveGame":3,"stat.pickup.thaumcraft.curio":1,"stat.craftItem.minecraft.cooked_porkchop":13,"stat.mineBlock.minecraft.cobblestone":1,"stat.entityKilledBy.betteranimalsplus.shark":1,"stat.useItem.minecraft.chicken":1,"stat.pickup.minecraft.flint":1,"stat.craftItem.minecraft.iron_axe":1,"stat.craftItem.travelersbackpack.backpack_tank":2,"stat.swimOneCm":18357,"stat.jump":1062,"stat.pickup.minecraft.coal":832,"stat.pickup.minecraft.iron_helmet":1,"stat.fallOneCm":23062,"stat.craftItem.minecraft.shield":1,"stat.useItem.minecraft.planks":12,"stat.pickup.minecraft.iron_ingot":21,"stat.mineBlock.thaumcraft.ore_amber":5,"stat.drop.minecraft.feather":2,"stat.pickup.minecraft.porkchop":13,"stat.crouchOneCm":10150,"stat.craftItem.minecraft.torch":8,"stat.craftItem.minecraft.iron_ingot":35,"stat.pickup.minecraft.dirt":17,"stat.useItem.minecraft.dirt":4,"stat.craftItem.minecraft.iron_helmet":2,"stat.useItem.minecraft.stone_slab2":18,"stat.craftingTableInteraction":25,"stat.pickup.minecraft.iron_ore":43,"stat.pickup.minecraft.sand":53,"stat.craftItem.minecraft.furnace":4,"stat.mineBlock.ic2.resource":33,"stat.craftItem.minecraft.iron_boots":1,"stat.damageTaken":3368,"stat.pickup.minecraft.feather":9,"stat.pickup.minecraft.leather":6,"stat.mineBlock.minecraft.torch":7,"stat.mineBlock.minecraft.furnace":1,"stat.useItem.minecraft.furnace":1,"stat.pickup.minecraft.cobblestone":93,"stat.mineBlock.projecte.transmutation_table":1,"stat.pickup.minecraft.planks":213,"stat.mineBlock.chisel.limestone2":4,"stat.pickup.chisel.limestone2":3,"stat.flyOneCm":99654,"stat.pickup.minecraft.bed":3,"stat.craftItem.minecraft.iron_shovel":1,"stat.pickup.minecraft.wheat_seeds":5,"stat.mineBlock.minecraft.sand":53,"stat.drop.minecraft.wheat_seeds":2,"stat.mineBlock.minecraft.gravel":1,"stat.craftItem.minecraft.iron_leggings":1,"stat.damageDealt":3331,"stat.killEntity.grimoireofgaia.creep":1,"stat.craftItem.minecraft.glass":18,"stat.mineBlock.minecraft.iron_ore":33,"stat.sleepInBed":4,"stat.timeSinceDeath":6100,"stat.pickup.iceandfire.armor_bronze_boots":1,"stat.mineBlock.minecraft.dirt":15,"stat.killEntity.Pig":5,"stat.craftItem.minecraft.iron_sword":1,"stat.useItem.minecraft.iron_shovel":33,"stat.walkOneCm":142875,"stat.useItem.minecraft.torch":14,"stat.playerKills":1,"stat.pickup.minecraft.diamond_pickaxe":1,"stat.pickup.minecraft.iron_nugget":3,"stat.mineBlock.chisel.marble2":1,"stat.pickup.chisel.chisel_diamond":1,"stat.pickup.minecraft.crafting_table":1,"stat.pickup.mekanism.oreblock":33,"stat.useItem.minecraft.cobblestone":32,"stat.craftItem.minecraft.crafting_table":6,"stat.furnaceInteraction":24,"stat.drop.minecraft.dirt":1,"stat.pickup.galacticraftcore.basic_block_core":35,"stat.useItem.minecraft.cooked_porkchop":11,"stat.mineBlock.botania.flower":20,"stat.mineBlock.minecraft.coal_ore":69,"stat.entityKilledBy.grimoireofgaia.harpy":2,"stat.pickup.minecraft.log":4,"stat.mineBlock.galacticraftcore.basic_block_core":35,"stat.pickup.minecraft.furnace":1,"stat.craftItem.minecraft.stone_slab2":0,"stat.pickup.minecraft.stone":13,"stat.craftItem.minecraft.iron_chestplate":1,"stat.pickup.minecraft.chicken":5,"stat.pickup.projecte.transmutation_table":2,"stat.entityKilledBy.BabySkeleton":1,"stat.sprintOneCm":56742,"stat.craftItem.minecraft.stick":12,"stat.craftItem.minecraft.wooden_axe":1,"stat.mineBlock.mekanism.oreblock":34,"stat.pickup.ic2.resource":33,"stat.killEntity.Horse":4,"stat.craftItem.minecraft.planks":12,"stat.useItem.minecraft.iron_sword":29,"stat.killEntity.Chicken":3,"stat.mineBlock.minecraft.crafting_table":3,"stat.pickup.thaumcraft.nugget":1,"stat.useItem.minecraft.diamond_pickaxe":317,"stat.killEntity.grimoireofgaia.harpy":1,"stat.mobKills":18,"stat.mineBlock.minecraft.log":8,"stat.craftItem.minecraft.shears":1,"stat.pickup.botania.flower":19,"stat.deaths":8,"stat.mineBlock.minecraft.planks":1,"stat.drop":8,"stat.mineBlock.minecraft.leaves":3,"stat.playOneMinute":83098,"stat.entityKilledBy.grimoireofgaia.dullahan":1,"stat.pickup.minecraft.torch":8,"stat.sneakTime":9687,"stat.pickup.thaumcraft.amber":7,"stat.pickup.minecraft.wool":2,"stat.useItem.minecraft.wooden_axe":42,"stat.drop.minecraft.yellow_flower":3,"stat.pickup.minecraft.yellow_flower":7,"stat.mineBlock.minecraft.stone":95,"stat.pickup.chisel.marble2":2,"stat.mineBlock.minecraft.tallgrass":43,"stat.entityKilledBy.grimoireofgaia.creep":1,"stat.diveOneCm":5003}