{"stat.cakeSlicesEaten":2,"stat.pickup.minecraft.bone":15,"stat.useItem.minecraft.iron_axe":4,"stat.leaveGame":3,"stat.mineBlock.minecraft.cobblestone":3,"stat.entityKilledBy.betteranimalsplus.shark":1,"stat.pickup.minecraft.flint":1,"stat.craftItem.minecraft.iron_axe":1,"stat.craftItem.netherex.wither_dust":183,"stat.drop.minecraft.shield":1,"stat.swimOneCm":45931,"stat.useItem.minecraft.planks":12,"stat.craftItem.minecraft.shield":1,"stat.climbOneCm":3241,"stat.craftItem.bhc.relic_apple":3,"stat.pickup.netherex.wither_dust":55,"stat.mineBlock.thaumcraft.ore_amber":16,"stat.drop.minecraft.feather":2,"stat.craftItem.iceandfire.armor_green_chestplate":1,"stat.pickup.minecraft.porkchop":13,"stat.pickup.bhc.heart_amulet":1,"stat.useItem.minecraft.dirt":4,"stat.useItem.minecraft.stone_slab2":25,"stat.pickup.minecraft.rotten_flesh":29,"stat.pickup.minecraft.sand":86,"stat.craftItem.minecraft.furnace":4,"stat.useItem.minecraft.egg":1,"stat.craftItem.minecraft.iron_boots":1,"stat.drop.megaloot.weaponbow":1,"stat.craftItem.bhc.red_heart_canister":3,"stat.pickup.minecraft.cobblestone":113,"stat.mineBlock.projecte.transmutation_table":1,"stat.drop.projecte.nova_catalyst":1,"stat.pickup.minecraft.diamond_leggings":2,"stat.mineBlock.chisel.limestone2":4,"stat.flyOneCm":202962,"stat.craftItem.minecraft.iron_shovel":1,"stat.pickup.minecraft.glass_bottle":3,"stat.mineBlock.minecraft.sand":53,"stat.drop.minecraft.wheat_seeds":2,"stat.killEntity.grimoireofgaia.creep":1,"stat.mineBlock.minecraft.iron_ore":33,"stat.timeSinceDeath":10650,"stat.pickup.iceandfire.armor_bronze_boots":1,"stat.useItem.megaloot.weaponbow":1,"stat.useItem.minecraft.iron_shovel":33,"stat.pickup.minecraft.mossy_cobblestone":2,"stat.killEntity.Bat":1,"stat.mineBlock.projecte.nova_catalyst":1,"stat.pickup.travelersbackpack.travelers_backpack":2,"stat.drop.minecraft.iron_bars":4,"stat.mineBlock.chisel.marble2":2,"stat.pickup.chisel.chisel_diamond":1,"stat.pickup.minecraft.chainmail_helmet":2,"stat.pickup.bhc.red_heart":4,"stat.pickup.minecraft.stonebrick":9,"stat.furnaceInteraction":39,"stat.drop.minecraft.dirt":1,"stat.pickup.galacticraftcore.basic_block_core":35,"stat.useItem.minecraft.cooked_porkchop":13,"stat.mineBlock.botania.flower":20,"stat.mineBlock.minecraft.coal_ore":69,"stat.pickup.minecraft.shield":2,"stat.entityKilledBy.grimoireofgaia.harpy":2,"stat.entityKilledBy.WitherSkeleton":2,"stat.pickup.minecraft.string":13,"stat.pickup.minecraft.furnace":1,"stat.craftItem.minecraft.stone_slab2":0,"stat.entityKilledBy.BabySkeleton":1,"stat.sprintOneCm":117500,"stat.pickup.minecraft.iron_chestplate":4,"stat.pickup.minecraft.skull":64,"stat.craftItem.minecraft.stick":12,"stat.craftItem.minecraft.wooden_axe":1,"stat.mineBlock.mekanism.oreblock":34,"stat.pickup.ic2.resource":41,"stat.killEntity.Horse":4,"stat.craftItem.minecraft.stone":1,"stat.mineBlock.minecraft.diamond_ore":2,"stat.pickup.thaumcraft.crystal_essence":43,"stat.mineBlock.minecraft.crafting_table":3,"stat.pickup.thaumcraft.nugget":1,"stat.killEntity.Husk":1,"stat.useItem.minecraft.diamond_pickaxe":412,"stat.drop.minecraft.golden_apple":1,"stat.pickup.minecraft.emerald":6,"stat.pickup.botania.flower":30,"stat.entityKilledBy.Creeper":1,"stat.mineBlock.minecraft.planks":1,"stat.deaths":22,"stat.drop":27,"stat.pickup.minecraft.egg":1,"stat.playOneMinute":182098,"stat.entityKilledBy.grimoireofgaia.dullahan":1,"stat.killEntity.Zombie":8,"stat.pickup.minecraft.iron_bars":7,"stat.drop.minecraft.glass_bottle":4,"stat.pickup.chisel.marble2":2,"stat.mineBlock.minecraft.tallgrass":50,"stat.entityKilledBy.grimoireofgaia.creep":1,"stat.diveOneCm":17696,"stat.chestOpened":47,"stat.mineBlock.minecraft.mossy_cobblestone":2,"stat.pickup.bhc.wither_bone":64,"stat.mineBlock.botania.doubleflower1":1,"stat.craftItem.iceandfire.armor_green_helmet":1,"stat.pickup.thaumcraft.curio":2,"stat.pickup.iceandfire.blindfold":2,"stat.pickup.minecraft.arrow":6,"stat.craftItem.minecraft.cooked_porkchop":13,"stat.useItem.minecraft.chicken":1,"stat.useItem.minecraft.diamond_axe":1,"stat.useItem.minecraft.apple":3,"stat.useItem.minecraft.potion":1,"stat.craftItem.travelersbackpack.backpack_tank":2,"stat.jump":2353,"stat.pickup.minecraft.coal":832,"stat.pickup.minecraft.iron_helmet":1,"stat.pickup.minecraft.iron_ingot":21,"stat.fallOneCm":51354,"stat.pickup.minecraft.carrot":7,"stat.crouchOneCm":17966,"stat.pickup.minecraft.spider_eye":4,"stat.craftItem.minecraft.torch":8,"stat.craftItem.minecraft.iron_ingot":35,"stat.craftItem.minecraft.chest":1,"stat.pickup.minecraft.dirt":17,"stat.craftItem.minecraft.iron_helmet":2,"stat.useItem.minecraft.cooked_chicken":4,"stat.craftingTableInteraction":45,"stat.pickup.minecraft.iron_ore":43,"stat.useItem.minecraft.glass":3,"stat.pickup.extrautils2.bagofholding":1,"stat.mineBlock.minecraft.iron_bars":12,"stat.mineBlock.ic2.resource":33,"stat.damageTaken":9425,"stat.pickup.minecraft.feather":9,"stat.pickup.minecraft.leather":6,"stat.craftItem.iceandfire.armor_green_leggings":1,"stat.mineBlock.minecraft.torch":9,"stat.mineBlock.minecraft.furnace":1,"stat.mineBlock.minecraft.red_flower":2,"stat.useItem.minecraft.furnace":1,"stat.pickup.minecraft.planks":213,"stat.pickup.minecraft.iron_leggings":4,"stat.pickup.chisel.limestone2":3,"stat.pickup.minecraft.bed":3,"stat.pickup.minecraft.wheat_seeds":5,"stat.pickup.minecraft.potato":2,"stat.pickup.minecraft.diamond_axe":1,"stat.entityKilledBy.Zombie":6,"stat.mineBlock.minecraft.gravel":1,"stat.mineBlock.minecraft.glass":5,"stat.craftItem.minecraft.iron_leggings":1,"stat.damageDealt":8192,"stat.craftItem.minecraft.glass":18,"stat.sleepInBed":5,"stat.craftItem.minecraft.baked_potato":49,"stat.mineBlock.minecraft.dirt":16,"stat.killEntity.Pig":5,"stat.craftItem.minecraft.iron_sword":1,"stat.walkOneCm":399990,"stat.useItem.minecraft.torch":14,"stat.useItem.minecraft.bread":6,"stat.pickup.minecraft.golden_apple":10,"stat.playerKills":1,"stat.drop.botania.flower":2,"stat.pickup.minecraft.iron_nugget":3,"stat.pickup.minecraft.diamond_pickaxe":2,"stat.pickup.minecraft.crafting_table":1,"stat.pickup.mekanism.oreblock":33,"stat.useItem.minecraft.cobblestone":35,"stat.craftItem.minecraft.crafting_table":6,"stat.mineBlock.thaumcraft.crystal_aer":2,"stat.pickup.megaloot.weaponbow":1,"stat.mineBlock.chisel.basalt2":1,"stat.drop.minecraft.diamond_axe":1,"stat.pickup.minecraft.log":4,"stat.mineBlock.galacticraftcore.basic_block_core":35,"stat.drop.minecraft.stonebrick":4,"stat.mineBlock.thaumcraft.crystal_terra":7,"stat.entityKilledBy.grimoireofgaia.minotaurus":1,"stat.pickup.minecraft.stone":13,"stat.craftItem.minecraft.iron_chestplate":3,"stat.pickup.minecraft.chicken":5,"stat.pickup.projecte.transmutation_table":2,"stat.killEntity.Skeleton":4,"stat.mineBlock.minecraft.stonebrick":13,"stat.craftItem.minecraft.planks":12,"stat.useItem.minecraft.iron_sword":184,"stat.craftItem.bhc.canister":3,"stat.killEntity.Chicken":3,"stat.mineBlock.thaumcraft.crystal_ordo":7,"stat.pickup.iceandfire.dragonscales_green":33,"stat.killEntity.Spider":6,"stat.killEntity.grimoireofgaia.harpy":1,"stat.mobKills":41,"stat.mineBlock.minecraft.log":8,"stat.craftItem.minecraft.shears":1,"stat.craftItem.minecraft.cooked_chicken":4,"stat.useItem.minecraft.golden_apple":6,"stat.useItem.minecraft.mossy_cobblestone":1,"stat.pickup.minecraft.diamond":8,"stat.mineBlock.minecraft.leaves":3,"stat.pickup.minecraft.torch":10,"stat.pickup.minecraft.red_flower":2,"stat.pickup.thaumcraft.brain":1,"stat.sneakTime":13884,"stat.pickup.thaumcraft.amber":25,"stat.pickup.minecraft.wool":2,"stat.useItem.minecraft.baked_potato":1,"stat.drop.minecraft.yellow_flower":3,"stat.useItem.minecraft.wooden_axe":42,"stat.pickup.minecraft.yellow_flower":7,"stat.pickup.projecte.nova_catalyst":1,"stat.mineBlock.minecraft.stone":119}