{"stat.chestOpened":33,"stat.cakeSlicesEaten":2,"stat.mineBlock.minecraft.mossy_cobblestone":2,"stat.pickup.minecraft.bone":9,"stat.mineBlock.botania.doubleflower1":1,"stat.useItem.minecraft.iron_axe":4,"stat.leaveGame":3,"stat.pickup.thaumcraft.curio":2,"stat.pickup.iceandfire.blindfold":2,"stat.pickup.minecraft.arrow":3,"stat.craftItem.minecraft.cooked_porkchop":13,"stat.mineBlock.minecraft.cobblestone":3,"stat.entityKilledBy.betteranimalsplus.shark":1,"stat.useItem.minecraft.chicken":1,"stat.useItem.minecraft.diamond_axe":1,"stat.pickup.minecraft.flint":1,"stat.craftItem.minecraft.iron_axe":1,"stat.useItem.minecraft.potion":1,"stat.drop.minecraft.shield":1,"stat.craftItem.travelersbackpack.backpack_tank":2,"stat.swimOneCm":33081,"stat.jump":2117,"stat.pickup.minecraft.coal":832,"stat.pickup.minecraft.iron_helmet":1,"stat.fallOneCm":47923,"stat.craftItem.minecraft.shield":1,"stat.useItem.minecraft.planks":12,"stat.pickup.minecraft.iron_ingot":21,"stat.climbOneCm":3241,"stat.mineBlock.thaumcraft.ore_amber":16,"stat.drop.minecraft.feather":2,"stat.pickup.minecraft.carrot":6,"stat.pickup.minecraft.porkchop":13,"stat.crouchOneCm":16970,"stat.pickup.minecraft.spider_eye":3,"stat.craftItem.minecraft.torch":8,"stat.craftItem.minecraft.iron_ingot":35,"stat.craftItem.minecraft.chest":1,"stat.pickup.minecraft.dirt":17,"stat.useItem.minecraft.dirt":4,"stat.craftItem.minecraft.iron_helmet":2,"stat.useItem.minecraft.stone_slab2":24,"stat.useItem.minecraft.cooked_chicken":4,"stat.craftingTableInteraction":28,"stat.pickup.minecraft.iron_ore":43,"stat.pickup.minecraft.rotten_flesh":11,"stat.pickup.minecraft.sand":86,"stat.useItem.minecraft.glass":3,"stat.craftItem.minecraft.furnace":4,"stat.pickup.extrautils2.bagofholding":1,"stat.mineBlock.minecraft.iron_bars":12,"stat.mineBlock.ic2.resource":33,"stat.useItem.minecraft.egg":1,"stat.craftItem.minecraft.iron_boots":1,"stat.damageTaken":7679,"stat.pickup.minecraft.feather":9,"stat.pickup.minecraft.leather":6,"stat.mineBlock.minecraft.torch":9,"stat.mineBlock.minecraft.furnace":1,"stat.mineBlock.minecraft.red_flower":2,"stat.useItem.minecraft.furnace":1,"stat.pickup.minecraft.cobblestone":113,"stat.mineBlock.projecte.transmutation_table":1,"stat.pickup.minecraft.planks":213,"stat.mineBlock.chisel.limestone2":4,"stat.pickup.minecraft.diamond_leggings":2,"stat.pickup.minecraft.iron_leggings":2,"stat.pickup.chisel.limestone2":3,"stat.flyOneCm":191515,"stat.pickup.minecraft.bed":3,"stat.craftItem.minecraft.iron_shovel":1,"stat.pickup.minecraft.glass_bottle":3,"stat.pickup.minecraft.wheat_seeds":5,"stat.mineBlock.minecraft.sand":53,"stat.pickup.minecraft.potato":2,"stat.drop.minecraft.wheat_seeds":2,"stat.pickup.minecraft.diamond_axe":1,"stat.entityKilledBy.Zombie":5,"stat.mineBlock.minecraft.gravel":1,"stat.mineBlock.minecraft.glass":5,"stat.craftItem.minecraft.iron_leggings":1,"stat.damageDealt":6845,"stat.killEntity.grimoireofgaia.creep":1,"stat.craftItem.minecraft.glass":18,"stat.mineBlock.minecraft.iron_ore":33,"stat.sleepInBed":5,"stat.timeSinceDeath":3930,"stat.pickup.iceandfire.armor_bronze_boots":1,"stat.mineBlock.minecraft.dirt":16,"stat.killEntity.Pig":5,"stat.craftItem.minecraft.iron_sword":1,"stat.useItem.minecraft.iron_shovel":33,"stat.pickup.minecraft.mossy_cobblestone":2,"stat.killEntity.Bat":1,"stat.walkOneCm":352985,"stat.useItem.minecraft.torch":14,"stat.useItem.minecraft.bread":6,"stat.pickup.minecraft.golden_apple":10,"stat.playerKills":1,"stat.pickup.travelersbackpack.travelers_backpack":2,"stat.pickup.minecraft.diamond_pickaxe":2,"stat.pickup.minecraft.iron_nugget":3,"stat.drop.botania.flower":2,"stat.drop.minecraft.iron_bars":4,"stat.mineBlock.chisel.marble2":2,"stat.pickup.chisel.chisel_diamond":1,"stat.pickup.minecraft.crafting_table":1,"stat.pickup.bhc.red_heart":1,"stat.pickup.mekanism.oreblock":33,"stat.useItem.minecraft.cobblestone":35,"stat.pickup.minecraft.stonebrick":9,"stat.craftItem.minecraft.crafting_table":6,"stat.furnaceInteraction":31,"stat.drop.minecraft.dirt":1,"stat.pickup.galacticraftcore.basic_block_core":35,"stat.useItem.minecraft.cooked_porkchop":13,"stat.mineBlock.botania.flower":20,"stat.mineBlock.thaumcraft.crystal_aer":2,"stat.mineBlock.minecraft.coal_ore":69,"stat.pickup.minecraft.shield":2,"stat.mineBlock.chisel.basalt2":1,"stat.entityKilledBy.grimoireofgaia.harpy":2,"stat.drop.minecraft.diamond_axe":1,"stat.pickup.minecraft.log":4,"stat.pickup.minecraft.string":8,"stat.mineBlock.galacticraftcore.basic_block_core":35,"stat.drop.minecraft.stonebrick":4,"stat.pickup.minecraft.furnace":1,"stat.mineBlock.thaumcraft.crystal_terra":7,"stat.craftItem.minecraft.stone_slab2":0,"stat.pickup.minecraft.stone":13,"stat.craftItem.minecraft.iron_chestplate":3,"stat.pickup.minecraft.chicken":5,"stat.pickup.projecte.transmutation_table":2,"stat.entityKilledBy.BabySkeleton":1,"stat.sprintOneCm":115548,"stat.pickup.minecraft.iron_chestplate":4,"stat.craftItem.minecraft.stick":12,"stat.craftItem.minecraft.wooden_axe":1,"stat.mineBlock.mekanism.oreblock":34,"stat.pickup.ic2.resource":41,"stat.killEntity.Skeleton":3,"stat.killEntity.Horse":4,"stat.mineBlock.minecraft.stonebrick":13,"stat.craftItem.minecraft.planks":12,"stat.useItem.minecraft.iron_sword":132,"stat.craftItem.minecraft.stone":1,"stat.killEntity.Chicken":3,"stat.mineBlock.minecraft.diamond_ore":2,"stat.pickup.thaumcraft.crystal_essence":43,"stat.mineBlock.thaumcraft.crystal_ordo":7,"stat.mineBlock.minecraft.crafting_table":3,"stat.killEntity.Spider":4,"stat.pickup.thaumcraft.nugget":1,"stat.useItem.minecraft.diamond_pickaxe":407,"stat.killEntity.grimoireofgaia.harpy":1,"stat.mobKills":35,"stat.drop.minecraft.golden_apple":1,"stat.mineBlock.minecraft.log":8,"stat.craftItem.minecraft.shears":1,"stat.pickup.botania.flower":30,"stat.entityKilledBy.Creeper":1,"stat.craftItem.minecraft.cooked_chicken":4,"stat.useItem.minecraft.golden_apple":5,"stat.deaths":17,"stat.mineBlock.minecraft.planks":1,"stat.useItem.minecraft.mossy_cobblestone":1,"stat.drop":25,"stat.pickup.minecraft.diamond":6,"stat.mineBlock.minecraft.leaves":3,"stat.pickup.minecraft.egg":1,"stat.playOneMinute":145198,"stat.entityKilledBy.grimoireofgaia.dullahan":1,"stat.pickup.minecraft.torch":10,"stat.pickup.minecraft.red_flower":2,"stat.pickup.thaumcraft.brain":1,"stat.sneakTime":12645,"stat.pickup.thaumcraft.amber":25,"stat.pickup.minecraft.wool":2,"stat.killEntity.Zombie":7,"stat.pickup.minecraft.iron_bars":7,"stat.useItem.minecraft.wooden_axe":42,"stat.drop.minecraft.yellow_flower":3,"stat.drop.minecraft.glass_bottle":4,"stat.pickup.minecraft.yellow_flower":7,"stat.mineBlock.minecraft.stone":119,"stat.pickup.chisel.marble2":2,"stat.mineBlock.minecraft.tallgrass":46,"stat.entityKilledBy.grimoireofgaia.creep":1,"stat.diveOneCm":9496}