{"stat.walkOneCm":35746,"stat.useItem.minecraft.torch":9,"stat.pickup.minecraft.diamond_pickaxe":1,"stat.leaveGame":1,"stat.pickup.thaumcraft.curio":1,"stat.mineBlock.chisel.marble2":1,"stat.pickup.mekanism.oreblock":33,"stat.useItem.minecraft.cobblestone":26,"stat.craftItem.minecraft.crafting_table":2,"stat.pickup.minecraft.flint":1,"stat.drop.minecraft.dirt":1,"stat.pickup.galacticraftcore.basic_block_core":21,"stat.mineBlock.minecraft.coal_ore":64,"stat.pickup.minecraft.log":2,"stat.swimOneCm":16373,"stat.jump":400,"stat.mineBlock.galacticraftcore.basic_block_core":21,"stat.pickup.minecraft.coal":54,"stat.fallOneCm":8721,"stat.mineBlock.thaumcraft.ore_amber":3,"stat.pickup.minecraft.stone":5,"stat.crouchOneCm":5185,"stat.pickup.minecraft.chicken":2,"stat.pickup.projecte.transmutation_table":1,"stat.craftItem.minecraft.torch":8,"stat.pickup.minecraft.dirt":7,"stat.entityKilledBy.BabySkeleton":1,"stat.useItem.minecraft.dirt":4,"stat.sprintOneCm":11991,"stat.useItem.minecraft.stone_slab2":3,"stat.craftItem.minecraft.stick":4,"stat.craftItem.minecraft.wooden_axe":1,"stat.craftingTableInteraction":1,"stat.mineBlock.mekanism.oreblock":34,"stat.pickup.minecraft.iron_ore":14,"stat.pickup.ic2.resource":33,"stat.mineBlock.ic2.resource":33,"stat.craftItem.minecraft.planks":8,"stat.killEntity.Chicken":2,"stat.mineBlock.minecraft.crafting_table":1,"stat.damageTaken":1030,"stat.pickup.minecraft.feather":3,"stat.pickup.thaumcraft.nugget":1,"stat.useItem.minecraft.diamond_pickaxe":237,"stat.mineBlock.minecraft.torch":3,"stat.mobKills":3,"stat.pickup.minecraft.cobblestone":47,"stat.mineBlock.minecraft.log":6,"stat.pickup.minecraft.planks":108,"stat.mineBlock.chisel.limestone2":3,"stat.pickup.chisel.limestone2":3,"stat.flyOneCm":27814,"stat.deaths":4,"stat.drop":1,"stat.pickup.minecraft.wheat_seeds":1,"stat.mineBlock.minecraft.leaves":1,"stat.playOneMinute":25345,"stat.entityKilledBy.grimoireofgaia.dullahan":1,"stat.pickup.minecraft.torch":4,"stat.mineBlock.minecraft.gravel":1,"stat.sneakTime":5997,"stat.pickup.thaumcraft.amber":4,"stat.damageDealt":186,"stat.mineBlock.minecraft.iron_ore":14,"stat.timeSinceDeath":5896,"stat.useItem.minecraft.wooden_axe":5,"stat.mineBlock.minecraft.dirt":4,"stat.mineBlock.minecraft.stone":63,"stat.pickup.chisel.marble2":1,"stat.mineBlock.minecraft.tallgrass":6,"stat.diveOneCm":5003}