{"stat.walkOneCm":19414,"stat.craftItem.minecraft.planks":8,"stat.pickup.minecraft.diamond_pickaxe":1,"stat.leaveGame":1,"stat.damageTaken":490,"stat.mineBlock.minecraft.crafting_table":1,"stat.craftItem.minecraft.crafting_table":2,"stat.useItem.minecraft.diamond_pickaxe":24,"stat.drop.minecraft.dirt":1,"stat.mobKills":1,"stat.mineBlock.minecraft.coal_ore":13,"stat.pickup.minecraft.cobblestone":11,"stat.mineBlock.minecraft.log":6,"stat.pickup.minecraft.planks":108,"stat.pickup.minecraft.log":2,"stat.flyOneCm":14653,"stat.deaths":2,"stat.drop":1,"stat.pickup.minecraft.wheat_seeds":1,"stat.jump":178,"stat.swimOneCm":1166,"stat.mineBlock.minecraft.leaves":1,"stat.playOneMinute":13645,"stat.pickup.minecraft.coal":7,"stat.fallOneCm":4315,"stat.sneakTime":1307,"stat.damageDealt":106,"stat.crouchOneCm":1030,"stat.pickup.projecte.transmutation_table":1,"stat.timeSinceDeath":2567,"stat.useItem.minecraft.wooden_axe":3,"stat.pickup.minecraft.dirt":3,"stat.sprintOneCm":8155,"stat.useItem.minecraft.stone_slab2":1,"stat.mineBlock.minecraft.stone":11,"stat.mineBlock.minecraft.tallgrass":6,"stat.diveOneCm":533,"stat.craftItem.minecraft.stick":4,"stat.craftItem.minecraft.wooden_axe":1,"stat.craftingTableInteraction":1}