{"stat.pickup.minecraft.bone":7,"stat.useItem.minecraft.quartz_block":107,"stat.craftItem.iceandfire.armor_bronze_chestplate":1,"stat.pickup.iceandfire.fire_dragon_flesh":1,"stat.horseOneCm":1171,"stat.mineBlock.iceandfire.chared_grass":1,"stat.leaveGame":4,"stat.mineBlock.minecraft.cobblestone":1,"stat.pickup.minecraft.flint":1,"stat.craftItem.iceandfire.dragonbone_sword_fire":1,"stat.killEntity.Blaze":1,"stat.useItem.minecraft.diamond_sword":138,"stat.drop.draconicevolution.draconic_staff_of_power":2,"stat.useItem.minecraft.glowstone":10,"stat.swimOneCm":40787,"stat.climbOneCm":829,"stat.useItem.minecraft.planks":7,"stat.mineBlock.minecraft.web":1,"stat.pickup.minecraft.cooked_porkchop":3,"stat.pickup.minecraft.porkchop":3,"stat.useItem.minecraft.obsidian":24,"stat.useItem.minecraft.dirt":29,"stat.useItem.minecraft.stone_slab2":94,"stat.useItem.minecraft.water_bucket":2,"stat.mineBlock.minecraft.stone_brick_stairs":1,"stat.pickup.minecraft.rotten_flesh":16,"stat.mineBlock.gb.glucky_block":2,"stat.pickup.iceandfire.chain_link":2,"stat.pickup.minecraft.bucket":1,"stat.pickup.minecraft.cobblestone":9,"stat.mineBlock.projecte.transmutation_table":27,"stat.flyOneCm":577790,"stat.entityKilledBy.firedragon":6,"stat.pickup.iceandfire.ash":1,"stat.drop.projecte.transmutation_table":1,"stat.mineBlock.minecraft.iron_ore":2,"stat.timeSinceDeath":10498,"stat.pickup.minecraft.mutton":1,"stat.pickup.travelersbackpack.travelers_backpack":3,"stat.mineBlock.minecraft.vine":1,"stat.pickup.bhc.red_heart":4,"stat.pickup.minecraft.stonebrick":3,"stat.pickup.iceandfire.dragon_skull":1,"stat.mineBlock.minecraft.coal_ore":2,"stat.pickup.minecraft.string":1,"stat.pickup.iceandfire.manuscript":2,"stat.pickup.projecte.item.pe_philosophers_stone":1,"stat.useItem.minecraft.cooked_mutton":21,"stat.useItem.minecraft.written_book":1,"stat.sprintOneCm":268937,"stat.mineBlock.minecraft.stone_slab":1,"stat.mineBlock.iceandfire.ash":1,"stat.useItem.minecraft.stone_slab":50,"stat.mineBlock.minecraft.fence":1,"stat.useItem.minecraft.flint_and_steel":1,"stat.pickup.thaumcraft.crystal_essence":29,"stat.useItem.minecraft.diamond_pickaxe":92,"stat.pickup.draconicevolution.draconic_staff_of_power":2,"stat.mineBlock.thaumcraft.loot_crate_common":1,"stat.pickup.minecraft.emerald":4,"stat.mineBlock.thaumcraft.loot_urn_common":1,"stat.deaths":13,"stat.mineBlock.iceandfire.chared_gravel":2,"stat.drop":10,"stat.playOneMinute":98141,"stat.pickup.minecraft.blaze_rod":1,"stat.killEntity.Sheep":1,"stat.craftItem.minecraft.diamond_pickaxe":1,"stat.killEntity.Zombie":16,"stat.pickup.minecraft.iron_bars":3,"stat.mineBlock.minecraft.tallgrass":44,"stat.drop.minecraft.diamond_pickaxe":1,"stat.diveOneCm":10716,"stat.chestOpened":15,"stat.mineBlock.minecraft.mossy_cobblestone":1,"stat.craftItem.iceandfire.armor_green_helmet":1,"stat.pickup.minecraft.gravel":4,"stat.pickup.minecraft.arrow":3,"stat.pickup.minecraft.iron_sword":1,"stat.craftItem.iceandfire.dragonbone_sword":1,"stat.pickup.minecraft.gold_nugget":128,"stat.pickup.ic2.te":2,"stat.useItem.minecraft.bedrock":20,"stat.jump":1605,"stat.killEntity.netherex:spinout":1,"stat.pickup.minecraft.fence":1,"stat.pickup.minecraft.coal":10,"stat.fallOneCm":43023,"stat.pickup.minecraft.iron_ingot":1,"stat.crouchOneCm":760,"stat.craftItem.minecraft.torch":28,"stat.pickup.minecraft.dirt":14,"stat.pickup.minecraft.melon":5,"stat.pickup.minecraft.iron_ore":4,"stat.craftItem.iceandfire.armor_bronze_leggings":1,"stat.pickup.iceandfire.fire_dragon_heart":1,"stat.mineBlock.minecraft.iron_bars":4,"stat.craftItem.minecraft.flint_and_steel":1,"stat.damageTaken":5005,"stat.pickup.minecraft.feather":5,"stat.mineBlock.minecraft.melon_block":1,"stat.mineBlock.minecraft.torch":3,"stat.pickup.bountifulbaubles.flaregun":1,"stat.pickup.minecraft.planks":27,"stat.pickup.minecraft.reeds":6,"stat.useItem.iceandfire.dragonbone_sword_fire":50,"stat.pickup.minecraft.bed":1,"stat.pickup.minecraft.wheat_seeds":6,"stat.mineBlock.minecraft.gravel":5,"stat.damageDealt":9051,"stat.pickup.iceandfire.chared_grass":1,"stat.sleepInBed":3,"stat.mineBlock.minecraft.dirt":14,"stat.killEntity.Pig":1,"stat.walkOneCm":171448,"stat.useItem.minecraft.torch":54,"stat.playerKills":2,"stat.mineBlock.ic2.te":1,"stat.pickup.minecraft.stick":7,"stat.pickup.minecraft.iron_nugget":1,"stat.mineBlock.minecraft.double_plant":3,"stat.drop.ic2.te":1,"stat.killEntity.LavaSlime":13,"stat.mineBlock.minecraft.emerald_ore":4,"stat.pickup.minecraft.log":6,"stat.drop.minecraft.sign":1,"stat.pickup.betteranimalsplus.pheasant_egg":1,"stat.useItem.projecte.transmutation_table":1,"stat.pickup.minecraft.bedrock":64,"stat.craftItem.projecte.item.pe_fuel":1,"stat.pickup.minecraft.stone":1,"stat.drop.minecraft.planks":57,"stat.pickup.minecraft.web":5,"stat.pickup.projecte.transmutation_table":27,"stat.pickup.minecraft.chainmail_leggings":1,"stat.pickup.iceandfire.fire_dragon_blood":3,"stat.pickup.minecraft.apple":1,"stat.killEntity.Skeleton":3,"stat.mineBlock.iceandfire.goldpile":22,"stat.mineBlock.minecraft.stonebrick":3,"stat.pickup.iceandfire.dragonscales_green":30,"stat.pickup.gb.globette":1,"stat.mobKills":39,"stat.drop.thaumcraft.crystal_essence":29,"stat.mineBlock.minecraft.log":4,"stat.pickup.minecraft.quartz":5,"stat.pickup.iceandfire.dragonbone":12,"stat.drop.minecraft.written_book":1,"stat.useItem.minecraft.golden_apple":6,"stat.pickup.minecraft.torch":5,"stat.pickup.minecraft.red_flower":2,"stat.pickup.thaumcraft.brain":1,"stat.sneakTime":597,"stat.pickup.minecraft.wool":1,"stat.drop.minecraft.bucket":1,"stat.entityKilledBy.Blaze":1,"stat.killEntity.firedragon":1,"stat.craftItem.iceandfire.armor_bronze_boots":1,"stat.mineBlock.minecraft.stone":10}