{"stat.useItem.minecraft.quartz_block":107,"stat.craftItem.iceandfire.armor_bronze_chestplate":1,"stat.pickup.iceandfire.fire_dragon_flesh":1,"stat.mineBlock.iceandfire.chared_grass":25,"stat.craftItem.minecraft.diamond_hoe":2,"stat.pickup.futureminecraf.grindstone":2,"stat.leaveGame":7,"stat.useItem.minecraft.bookshelf":15,"stat.killEntity.Blaze":1,"stat.craftItem.gb.globot":29,"stat.useItem.minecraft.glowstone":31,"stat.mineBlock.minecraft.sandstone":2,"stat.killEntity.grimoireofgaia.centaur":1,"stat.useItem.minecraft.planks":7,"stat.craftItem.minecraft.shield":2,"stat.mineBlock.minecraft.web":1,"stat.pickup.minecraft.glowstone_dust":30,"stat.pickup.minecraft.porkchop":4,"stat.useItem.minecraft.water_bucket":6,"stat.mineBlock.minecraft.stone_brick_stairs":1,"stat.pickup.minecraft.rotten_flesh":22,"stat.useItem.minecraft.diamond_hoe":14,"stat.pickup.minecraft.sand":289,"stat.mineBlock.gb.glucky_block":6,"stat.pickup.minecraft.bucket":1,"stat.craftItem.gb.glob_seed":2,"stat.craftItem.minecraft.iron_shovel":2,"stat.entityKilledBy.firedragon":8,"stat.mineBlock.minecraft.sand":317,"stat.pickup.iceandfire.ash":1,"stat.drop.minecraft.sand":1,"stat.craftItem.projecte.item.pe_covalence_dust":240,"stat.useItem.minecraft.iron_shovel":254,"stat.craftItem.gb.globot_leggings":2,"stat.mineBlock.minecraft.vine":1,"stat.mineBlock.chisel.marble2":11,"stat.pickup.bhc.red_heart":5,"stat.furnaceInteraction":18,"stat.mineBlock.botania.flower":4,"stat.pickup.iceandfire.dragon_skull":1,"stat.entityKilledBy.grimoireofgaia.harpy":1,"stat.pickup.iceandfire.manuscript":2,"stat.craftItem.gb.globot_raw":51,"stat.pickup.projecte.item.pe_philosophers_stone":1,"stat.useItem.minecraft.cooked_mutton":45,"stat.pickup.minecraft.furnace":2,"stat.pickup.chisel.stonebrick":3,"stat.mineBlock.futureminecraf.grindstone":1,"stat.mineBlock.iceandfire.ash":1,"stat.mineBlock.minecraft.fence":1,"stat.useItem.minecraft.flint_and_steel":1,"stat.pickup.thaumcraft.crystal_essence":29,"stat.craftItem.ironchest.iron_chest":6,"stat.useItem.iceandfire.chared_dirt":1,"stat.craftItem.chisel.chisel_diamond":1,"stat.mineBlock.thaumcraft.loot_crate_common":1,"stat.pickup.minecraft.emerald":7,"stat.useItem.minecraft.dye":378,"stat.deaths":18,"stat.mineBlock.iceandfire.chared_gravel":4,"stat.pickup.minecraft.egg":5,"stat.playOneMinute":284509,"stat.pickup.minecraft.blaze_rod":1,"stat.craftItem.minecraft.diamond_block":1,"stat.pickup.minecraft.diamond_block":1,"stat.pickup.minecraft.iron_bars":3,"stat.pickup.minecraft.dispenser":2,"stat.pickup.chisel.marble2":11,"stat.mineBlock.minecraft.tallgrass":885,"stat.chestOpened":32,"stat.craftItem.gb.globot_rod":4,"stat.mineBlock.minecraft.dispenser":2,"stat.craftItem.projecte.item.pe_destruction_catalyst":2,"stat.pickup.minecraft.arrow":3,"stat.pickup.minecraft.iron_sword":1,"stat.craftItem.iceandfire.dragonbone_sword":1,"stat.pickup.minecraft.gold_nugget":385,"stat.useItem.chisel.stonebrick":102,"stat.craftItem.minecraft.coal":10,"stat.killEntity.betteranimalsplus.shark":1,"stat.killEntity.netherex:spinout":1,"stat.fallOneCm":79369,"stat.crouchOneCm":10537,"stat.mineBlock.projecte.dm_pedestal":1,"stat.craftItem.minecraft.chest":1,"stat.pickup.minecraft.melon":5,"stat.mineBlock.projecte.collector_mk2":2,"stat.mineBlock.projecte.collector_mk1":2,"stat.pickup.icbmclassic.sulfurdust":7,"stat.pickup.minecraft.feather":5,"stat.pickup.bountifulbaubles.flaregun":1,"stat.pickup.minecraft.planks":27,"stat.useItem.iceandfire.dragonbone_sword_fire":123,"stat.pickup.chisel.limestone2":8,"stat.craftItem.minecraft.diamond_shovel":2,"stat.pickup.minecraft.wheat_seeds":128,"stat.craftItem.projecte.matter_block":1,"stat.mineBlock.minecraft.gravel":8,"stat.mineBlock.minecraft.glass":1,"stat.craftItem.roost.catcher":1,"stat.mineBlock.minecraft.dirt":3838,"stat.useItem.minecraft.torch":86,"stat.mineBlock.mekanism.saltblock":1,"stat.pickup.minecraft.iron_nugget":6,"stat.drop.botania.flower":1,"stat.useItem.minecraft.log":20,"stat.craftItem.minecraft.crafting_table":1,"stat.mineBlock.minecraft.double_plant":23,"stat.useItem.projecte.collector_mk3":4,"stat.craftItem.projecte.relay_mk1":2,"stat.killEntity.LavaSlime":13,"stat.mineBlock.minecraft.emerald_ore":6,"stat.mineBlock.chisel.stonebrick":3,"stat.pickup.minecraft.log":7,"stat.drop.minecraft.sign":1,"stat.pickup.minecraft.bedrock":64,"stat.mineBlock.galacticraftcore.basic_block_core":5,"stat.craftItem.projecte.item.pe_fuel":1,"stat.drop.minecraft.planks":57,"stat.pickup.minecraft.web":5,"stat.pickup.minecraft.chicken":1,"stat.pickup.minecraft.chainmail_leggings":1,"stat.pickup.iceandfire.fire_dragon_blood":3,"stat.pickup.roost.chicken":9,"stat.pickup.minecraft.apple":1,"stat.pickup.minecraft.beetroot":3,"stat.pickup.minecraft.coal_block":2,"stat.mineBlock.minecraft.tripwire_hook":2,"stat.mineBlock.iceandfire.goldpile":79,"stat.craftItem.minecraft.planks":256,"stat.itemEnchanted":11,"stat.pickup.iceandfire.dragonscales_green":30,"stat.mineBlock.projecte.alchemical_chest":1,"stat.drop.thaumcraft.crystal_essence":29,"stat.pickup.minecraft.book":45,"stat.mineBlock.minecraft.log":4,"stat.pickup.iceandfire.dragonbone":12,"stat.craftItem.gb.glob":17,"stat.pickup.minecraft.iron_door":1,"stat.pickup.minecraft.red_flower":4,"stat.sneakTime":3355,"stat.pickup.minecraft.wool":1,"stat.drop.minecraft.bucket":1,"stat.entityKilledBy.Blaze":1,"stat.pickup.minecraft.rabbit_stew":2,"stat.useItem.projecte.item.pe_destruction_catalyst":47,"stat.killEntity.siren":3,"stat.pickup.minecraft.yellow_flower":4,"stat.craftItem.iceandfire.armor_bronze_boots":1,"stat.killEntity.grimoireofgaia.minotaurus":1,"stat.craftItem.minecraft.enchanting_table":2,"stat.mineBlock.thaumcraft.ore_cinnabar":1,"stat.drop.chisel.chisel_diamond":2,"stat.craftItem.projecte.dm_pedestal":2,"stat.pickup.minecraft.tripwire_hook":3,"stat.pickup.minecraft.bone":12,"stat.horseOneCm":1171,"stat.mineBlock.minecraft.cobblestone":2,"stat.pickup.megaloot.tool_shovel":1,"stat.pickup.minecraft.flint":1,"stat.mineBlock.minecraft.yellow_flower":2,"stat.craftItem.iceandfire.dragonbone_sword_fire":1,"stat.useItem.minecraft.diamond_sword":138,"stat.drop.draconicevolution.draconic_staff_of_power":2,"stat.swimOneCm":73356,"stat.craftItem.minecraft.clock":2,"stat.climbOneCm":829,"stat.drop.chisel.limestone2":8,"stat.pickup.minecraft.cooked_porkchop":3,"stat.craftItem.projecte.alchemical_chest":2,"stat.useItem.minecraft.obsidian":24,"stat.useItem.minecraft.dirt":254,"stat.killEntity.betteranimalsplus.boar":1,"stat.useItem.minecraft.stone_slab2":145,"stat.pickup.minecraft.iron_boots":1,"stat.craftItem.gb.gow":2,"stat.pickup.futureminecraf.cornflower":7,"stat.pickup.minecraft.enchanting_table":1,"stat.useItem.minecraft.egg":2,"stat.pickup.minecraft.anvil":1,"stat.pickup.iceandfire.chain_link":2,"stat.pickup.minecraft.cobblestone":85,"stat.mineBlock.projecte.transmutation_table":31,"stat.mineBlock.chisel.limestone2":8,"stat.flyOneCm":1048802,"stat.pickup.minecraft.sandstone":1,"stat.drop.projecte.transmutation_table":1,"stat.pickup.minecraft.fish":1,"stat.drop.minecraft.wheat_seeds":2,"stat.pickup.minecraft.redstone":11,"stat.craftItem.gb.globot_chestplate":2,"stat.mineBlock.minecraft.iron_ore":2,"stat.timeSinceDeath":10875,"stat.drop.minecraft.log":1,"stat.pickup.minecraft.mutton":1,"stat.craftItem.minecraft.iron_block":6,"stat.drop.minecraft.coal":64,"stat.pickup.travelersbackpack.travelers_backpack":3,"stat.mineBlock.minecraft.coal_block":2,"stat.mineBlock.futureminecraf.cornflower":3,"stat.pickup.minecraft.stonebrick":10,"stat.mineBlock.minecraft.enchanting_table":1,"stat.pickup.galacticraftcore.basic_block_core":5,"stat.drop.minecraft.dirt":1,"stat.pickup.mekanism.salt":4,"stat.pickup.minecraft.diamond_shovel":1,"stat.mineBlock.minecraft.coal_ore":2,"stat.killEntity.Creeper":1,"stat.talkedToVillager":6,"stat.pickup.minecraft.string":5,"stat.drop.projecte.item.pe_matter":16,"stat.craftItem.minecraft.stone_slab2":0,"stat.useItem.minecraft.written_book":1,"stat.craftItem.tconstruct.tooltables":1,"stat.sprintOneCm":737211,"stat.useItem.minecraft.diamond_shovel":3974,"stat.mineBlock.minecraft.stone_slab":1,"stat.mineBlock.mekanism.oreblock":1,"stat.useItem.minecraft.stone_slab":50,"stat.craftItem.projecte.nova_catalyst":4,"stat.craftItem.minecraft.stone":1,"stat.useItem.minecraft.diamond_pickaxe":316,"stat.mineBlock.minecraft.quartz_block":1,"stat.pickup.draconicevolution.draconic_staff_of_power":2,"stat.pickup.botania.flower":10,"stat.mineBlock.thaumcraft.loot_urn_common":1,"stat.drop":23,"stat.killEntity.Sheep":1,"stat.pickup.minecraft.slime_ball":1,"stat.craftItem.minecraft.diamond_pickaxe":1,"stat.craftItem.projecte.item.pe_transmutation_tablet":1,"stat.killEntity.Zombie":20,"stat.craftItem.minecraft.dye":384,"stat.pickup.projecte.dm_pedestal":1,"stat.pickup.iceandfire.chared_dirt":3,"stat.craftItem.minecraft.diamond_axe":2,"stat.drop.minecraft.diamond_pickaxe":1,"stat.diveOneCm":42770,"stat.drop.futureminecraf.grindstone":1,"stat.pickup.tconstruct.tooltables":2,"stat.mineBlock.minecraft.mossy_cobblestone":1,"stat.killEntity.BrainyZombie":1,"stat.pickup.projecte.alchemical_chest":1,"stat.craftItem.iceandfire.armor_green_helmet":1,"stat.pickup.minecraft.gravel":7,"stat.craftItem.projecte.condenser_mk1":2,"stat.useItem.minecraft.diamond_axe":15,"stat.mineBlock.minecraft.anvil":1,"stat.pickup.ic2.te":2,"stat.pickup.minecraft.stone_brick_stairs":1,"stat.useItem.minecraft.bedrock":20,"stat.jump":3684,"stat.useItem.minecraft.sand":43,"stat.pickup.minecraft.fence":1,"stat.pickup.minecraft.coal":135,"stat.pickup.minecraft.iron_ingot":2,"stat.pickup.iceandfire.chared_gravel":1,"stat.craftItem.minecraft.torch":28,"stat.pickup.minecraft.dirt":3547,"stat.drop.megaloot.tool_shovel":1,"stat.pickup.minecraft.iron_ore":4,"stat.craftItem.projecte.item.pe_matter":2,"stat.craftItem.iceandfire.armor_bronze_leggings":1,"stat.entityKilledBy.siren":1,"stat.pickup.iceandfire.fire_dragon_heart":1,"stat.pickup.iceandfire.shiny_scales":7,"stat.mineBlock.minecraft.iron_bars":4,"stat.craftItem.minecraft.flint_and_steel":1,"stat.mineBlock.tconstruct.tooltables":2,"stat.damageTaken":8409,"stat.pickup.minecraft.leather":2,"stat.mineBlock.minecraft.melon_block":1,"stat.mineBlock.minecraft.torch":17,"stat.mineBlock.minecraft.furnace":2,"stat.mineBlock.minecraft.red_flower":1,"stat.dispenserInspected":2,"stat.craftItem.gb.globot_helmet":2,"stat.pickup.minecraft.prismarine_shard":5,"stat.craftItem.minecraft.glowstone":16,"stat.pickup.minecraft.reeds":6,"stat.pickup.minecraft.prismarine_crystals":5,"stat.killEntity.CaveSpider":1,"stat.pickup.minecraft.bed":6,"stat.pickup.minecraft.quartz_block":1,"stat.damageDealt":15153,"stat.pickup.iceandfire.chared_grass":18,"stat.craftItem.minecraft.glass":1,"stat.sleepInBed":17,"stat.craftItem.minecraft.anvil":1,"stat.pickup.projecte.item.pe_time_watch":1,"stat.killEntity.Pig":1,"stat.mineBlock.iceandfire.chared_dirt":3,"stat.walkOneCm":630144,"stat.craftItem.gb.globot_boots":2,"stat.playerKills":3,"stat.mineBlock.ic2.te":1,"stat.pickup.minecraft.stick":7,"stat.pickup.mekanism.oreblock":1,"stat.drop.ic2.te":1,"stat.pickup.betteranimalsplus.pheasant_egg":1,"stat.useItem.projecte.transmutation_table":1,"stat.pickup.minecraft.stone":1,"stat.pickup.projecte.transmutation_table":31,"stat.craftItem.projecte.item.pe_time_watch":2,"stat.killEntity.Skeleton":4,"stat.useItem.projecte.dm_pedestal":2,"stat.craftItem.minecraft.bookshelf":10,"stat.pickup.thaumcraft.ore_cinnabar":1,"stat.mineBlock.minecraft.stonebrick":10,"stat.killEntity.Spider":1,"stat.pickup.minecraft.bread":1,"stat.craftItem.minecraft.tnt":2,"stat.pickup.gb.globette":168,"stat.mineBlock.minecraft.glowstone":9,"stat.pickup.projecte.collector_mk1":2,"stat.killEntity.grimoireofgaia.harpy":1,"stat.mobKills":60,"stat.pickup.projecte.collector_mk2":2,"stat.mineBlock.minecraft.bookshelf":15,"stat.useItem.gb.gow":28,"stat.pickup.minecraft.quartz":5,"stat.drop.minecraft.written_book":1,"stat.useItem.minecraft.golden_apple":17,"stat.pickup.minecraft.beetroot_seeds":5,"stat.pickup.minecraft.torch":19,"stat.pickup.thaumcraft.brain":2,"stat.mineBlock.minecraft.redstone_ore":4,"stat.killEntity.firedragon":2,"stat.pickup.mowziesmobs.naga_fang":1,"stat.mineBlock.minecraft.stone":89}