{"stat.drop.minecraft.mutton":5,"stat.pickup.minecraft.bone":14,"stat.drop.betteranimalsplus.fried_egg":5,"stat.craftItem.iceandfire.armor_bronze_chestplate":1,"stat.pickup.minecraft.redstone_torch":1,"stat.leaveGame":9,"stat.mineBlock.minecraft.cobblestone":5,"stat.mineBlock.minecraft.pumpkin":2,"stat.pickup.minecraft.stone_pickaxe":1,"stat.pickup.grimoireofgaia.misc_soul_fire":3,"stat.useItem.minecraft.diamond_sword":21,"stat.killEntity.grimoireofgaia.centaur":5,"stat.swimOneCm":23732,"stat.craftItem.minecraft.shield":1,"stat.useItem.minecraft.planks":40,"stat.pickup.betteranimalsplus.fried_egg":2,"stat.drop.minecraft.cobblestone":64,"stat.pickup.minecraft.porkchop":5,"stat.pickup.betteranimalsplus.wolf_pelt_snowy":2,"stat.useItem.minecraft.dirt":8,"stat.killEntity.betteranimalsplus.boar":3,"stat.useItem.minecraft.stone_slab2":33,"stat.useItem.betteranimalsplus.fried_egg":9,"stat.useItem.minecraft.water_bucket":4,"stat.pickup.minecraft.rotten_flesh":19,"stat.pickup.minecraft.sand":50,"stat.craftItem.minecraft.furnace":2,"stat.useItem.minecraft.golden_sword":39,"stat.useItem.minecraft.egg":2,"stat.mineBlock.gb.glucky_block":5,"stat.craftItem.minecraft.stone_axe":1,"stat.pickup.minecraft.bucket":1,"stat.craftItem.minecraft.stone_pickaxe":2,"stat.pickup.minecraft.cobblestone":591,"stat.pickup.mutantbeasts.mutant_skeleton_rib":2,"stat.pickup.enderio.item_broken_spawner":2,"stat.flyOneCm":908212,"stat.entityKilledBy.firedragon":2,"stat.mineBlock.minecraft.sand":50,"stat.pickup.minecraft.fish":2,"stat.drop.minecraft.wheat_seeds":1,"stat.pickup.minecraft.redstone":34,"stat.mineBlock.minecraft.iron_ore":50,"stat.timeSinceDeath":4644,"stat.useItem.minecraft.spider_eye":1,"stat.useItem.minecraft.iron_pickaxe":356,"stat.useItem.minecraft.spawn_egg":18,"stat.craftItem.minecraft.wooden_pickaxe":1,"stat.pickup.minecraft.mutton":12,"stat.drop.minecraft.cooked_mutton":3,"stat.craftItem.minecraft.bed":2,"stat.pickup.travelersbackpack.travelers_backpack":2,"stat.pickup.bhc.red_heart":2,"stat.furnaceInteraction":61,"stat.drop.minecraft.dirt":2,"stat.useItem.minecraft.cooked_porkchop":6,"stat.pickup.minecraft.iron_shovel":1,"stat.killEntity.ZombieVillager":1,"stat.mineBlock.minecraft.coal_ore":34,"stat.pickup.minecraft.shield":2,"stat.talkedToVillager":4,"stat.pickup.extrautils2.ingredients":3,"stat.pickup.minecraft.string":10,"stat.pickup.minecraft.beef":6,"stat.pickup.minecraft.furnace":2,"stat.useItem.minecraft.cooked_mutton":8,"stat.craftItem.minecraft.stone_slab2":0,"stat.sprintOneCm":651662,"stat.pickup.minecraft.iron_chestplate":2,"stat.pickup.minecraft.skull":2,"stat.craftItem.minecraft.stick":48,"stat.pickup.minecraft.stone_stairs":1,"stat.mineBlock.minecraft.diamond_ore":1,"stat.useItem.betteranimalsplus.pheasant_egg":1,"stat.pickup.thaumcraft.crystal_essence":4,"stat.mineBlock.minecraft.crafting_table":4,"stat.useItem.minecraft.diamond_pickaxe":11,"stat.pickup.grimoireofgaia.box_gold":1,"stat.useItem.minecraft.carrot":55,"stat.pickup.minecraft.emerald":10,"stat.entityKilledBy.Creeper":1,"stat.entityKilledBy.betteranimalsplus.boar":1,"stat.mineBlock.travelersbackpack.sleeping_bag_bottom":1,"stat.deaths":16,"stat.mineBlock.minecraft.planks":26,"stat.drop":19,"stat.pickup.minecraft.egg":20,"stat.playOneMinute":267134,"stat.entityKilledBy.grimoireofgaia.dullahan":2,"stat.killEntity.Sheep":9,"stat.drop.grimoireofgaia.box_gold":1,"stat.craftItem.minecraft.iron_pickaxe":2,"stat.killEntity.Zombie":15,"stat.drop.minecraft.torch":15,"stat.mineBlock.minecraft.gold_ore":13,"stat.mineBlock.minecraft.tallgrass":91,"stat.craftItem.minecraft.cooked_mutton":8,"stat.entityKilledBy.grimoireofgaia.creep":1,"stat.diveOneCm":12624,"stat.pickup.minecraft.cooked_mutton":6,"stat.chestOpened":54,"stat.pickup.minecraft.pumpkin":2,"stat.pickup.iceandfire.dragonscales_bronze":22,"stat.useItem.minecraft.stone":12,"stat.drop.minecraft.wooden_pickaxe":1,"stat.pickup.minecraft.iron_sword":2,"stat.pickup.minecraft.arrow":3,"stat.craftItem.minecraft.cooked_porkchop":6,"stat.pickup.minecraft.stone_axe":1,"stat.craftItem.betteranimalsplus.fried_egg":14,"stat.pickup.minecraft.gold_nugget":6,"stat.drop.minecraft.iron_pickaxe":1,"stat.jump":4419,"stat.pickup.minecraft.fence":1,"stat.pickup.minecraft.coal":94,"stat.fallOneCm":110318,"stat.pickup.minecraft.iron_ingot":6,"stat.pickup.mutantbeasts.mutant_skeleton_shoulder_pad":1,"stat.pickup.minecraft.carrot":86,"stat.useItem.minecraft.stone_axe":51,"stat.pickup.mutantbeasts.mutant_skeleton_skull":1,"stat.entityKilledBy.CaveSpider":1,"stat.crouchOneCm":21044,"stat.pickup.minecraft.spider_eye":1,"stat.craftItem.minecraft.iron_ingot":31,"stat.craftItem.minecraft.torch":112,"stat.craftItem.minecraft.chest":3,"stat.pickup.minecraft.dirt":54,"stat.drop.minecraft.iron_shovel":1,"stat.useItem.minecraft.cooked_chicken":6,"stat.craftingTableInteraction":30,"stat.pickup.minecraft.iron_ore":47,"stat.craftItem.iceandfire.armor_bronze_leggings":1,"stat.pickup.minecraft.gold_ore":13,"stat.mineBlock.minecraft.glass_pane":1,"stat.pickup.minecraft.wooden_pickaxe":2,"stat.mineBlock.minecraft.stone_stairs":3,"stat.damageTaken":7081,"stat.pickup.minecraft.feather":3,"stat.pickup.minecraft.leather":7,"stat.mineBlock.minecraft.torch":13,"stat.mineBlock.minecraft.furnace":2,"stat.mineBlock.minecraft.red_flower":9,"stat.useItem.minecraft.wooden_pickaxe":4,"stat.entityKilledBy.grimoireofgaia.nine_tails":1,"stat.dispenserInspected":2,"stat.killEntity.grimoireofgaia.horse":1,"stat.pickup.minecraft.dye":1,"stat.pickup.minecraft.planks":52,"stat.pickup.minecraft.reeds":19,"stat.pickup.minecraft.bed":3,"stat.pickup.minecraft.wheat_seeds":7,"stat.useItem.minecraft.stone_pickaxe":258,"stat.craftItem.minecraft.iron_leggings":1,"stat.damageDealt":17494,"stat.craftItem.roost.catcher":1,"stat.craftItem.minecraft.glass":25,"stat.drop.minecraft.cooked_chicken":2,"stat.sleepInBed":15,"stat.killEntity.Cow":3,"stat.mineBlock.minecraft.dirt":53,"stat.craftItem.minecraft.iron_sword":2,"stat.walkOneCm":516520,"stat.useItem.minecraft.torch":47,"stat.useItem.minecraft.bread":4,"stat.useItem.minecraft.chest":1,"stat.pickup.minecraft.iron_nugget":22,"stat.drop.minecraft.rotten_flesh":3,"stat.pickup.minecraft.crafting_table":5,"stat.useItem.minecraft.tnt":10,"stat.useItem.minecraft.cobblestone":142,"stat.craftItem.minecraft.crafting_table":1,"stat.mineBlock.minecraft.double_plant":1,"stat.killEntity.grimoireofgaia.oni":1,"stat.useItem.minecraft.gold_ore":1,"stat.mineBlock.minecraft.emerald_ore":10,"stat.pickup.minecraft.log":26,"stat.pickup.betteranimalsplus.pheasant_egg":1,"stat.pickup.minecraft.iron_pickaxe":1,"stat.pickup.galacticraftcore.basic_item":3,"stat.killEntity.grimoireofgaia.gryphon":1,"stat.entityKilledBy.grimoireofgaia.minotaurus":1,"stat.pickup.minecraft.stone":35,"stat.craftItem.minecraft.iron_chestplate":1,"stat.pickup.minecraft.chicken":9,"stat.killEntity.grimoireofgaia.dullahan":2,"stat.killEntity.if_troll":2,"stat.pickup.roost.chicken":4,"stat.killEntity.Skeleton":1,"stat.pickup.grimoireofgaia.bag_book":1,"stat.mineBlock.minecraft.tripwire_hook":1,"stat.craftItem.minecraft.planks":104,"stat.useItem.minecraft.iron_sword":341,"stat.killEntity.Chicken":4,"stat.killEntity.Spider":1,"stat.pickup.gb.globette":4,"stat.killEntity.grimoireofgaia.harpy":1,"stat.mobKills":56,"stat.mineBlock.minecraft.log":25,"stat.craftItem.minecraft.wooden_door":3,"stat.pickup.minecraft.golden_sword":1,"stat.craftItem.minecraft.cooked_chicken":8,"stat.useItem.minecraft.wooden_door":1,"stat.pickup.iceandfire.dragonbone":7,"stat.pickup.minecraft.diamond":1,"stat.mineBlock.minecraft.leaves":4,"stat.craftItem.mutantbeasts.mutant_skeleton_boots":1,"stat.pickup.minecraft.torch":55,"stat.pickup.mutantbeasts.mutant_skeleton_limb":4,"stat.pickup.minecraft.red_flower":12,"stat.mineBlock.minecraft.redstone_ore":8,"stat.pickup.thaumcraft.brain":2,"stat.sneakTime":7455,"stat.pickup.minecraft.wool":9,"stat.killEntity.firedragon":1,"stat.craftItem.iceandfire.armor_bronze_boots":1,"stat.mineBlock.minecraft.stone":471,"stat.entityKilledBy.grimoireofgaia.centaur":1,"stat.killEntity.grimoireofgaia.minotaurus":2}