{"stat.walkOneCm":39893,"stat.pickup.minecraft.redstone_torch":1,"stat.useItem.minecraft.stone":6,"stat.leaveGame":3,"stat.pickup.minecraft.crafting_table":1,"stat.useItem.minecraft.tnt":10,"stat.useItem.minecraft.cobblestone":10,"stat.craftItem.minecraft.crafting_table":1,"stat.useItem.minecraft.diamond_sword":21,"stat.pickup.minecraft.log":6,"stat.jump":214,"stat.swimOneCm":276,"stat.fallOneCm":6427,"stat.crouchOneCm":10,"stat.pickup.minecraft.dirt":7,"stat.sprintOneCm":17730,"stat.useItem.minecraft.stone_slab2":8,"stat.craftItem.minecraft.stick":4,"stat.craftingTableInteraction":3,"stat.pickup.minecraft.iron_ore":6,"stat.pickup.minecraft.rotten_flesh":4,"stat.craftItem.minecraft.planks":24,"stat.damageTaken":522,"stat.mineBlock.minecraft.crafting_table":1,"stat.useItem.minecraft.diamond_pickaxe":11,"stat.craftItem.minecraft.stone_pickaxe":1,"stat.useItem.minecraft.wooden_pickaxe":4,"stat.mobKills":5,"stat.pickup.minecraft.cobblestone":31,"stat.mineBlock.minecraft.log":6,"stat.flyOneCm":141510,"stat.deaths":2,"stat.drop":2,"stat.playOneMinute":26146,"stat.useItem.minecraft.stone_pickaxe":24,"stat.sneakTime":42,"stat.damageDealt":1901,"stat.mineBlock.minecraft.iron_ore":6,"stat.killEntity.Zombie":5,"stat.timeSinceDeath":3076,"stat.mineBlock.minecraft.dirt":3,"stat.useItem.minecraft.spawn_egg":18,"stat.mineBlock.minecraft.stone":32,"stat.craftItem.minecraft.wooden_pickaxe":1,"stat.mineBlock.minecraft.tallgrass":2}