{"stat.chestOpened":1,"stat.walkOneCm":54794,"stat.pickup.minecraft.bone":6,"stat.useItem.minecraft.quartz_block":107,"stat.playerKills":1,"stat.craftItem.iceandfire.armor_bronze_chestplate":1,"stat.pickup.travelersbackpack.travelers_backpack":1,"stat.pickup.minecraft.stick":7,"stat.horseOneCm":1171,"stat.pickup.minecraft.iron_nugget":1,"stat.leaveGame":2,"stat.pickup.minecraft.arrow":3,"stat.mineBlock.minecraft.vine":1,"stat.pickup.bhc.red_heart":1,"stat.pickup.minecraft.stonebrick":1,"stat.pickup.minecraft.gold_nugget":3,"stat.useItem.minecraft.diamond_sword":23,"stat.mineBlock.minecraft.emerald_ore":4,"stat.drop.draconicevolution.draconic_staff_of_power":2,"stat.useItem.minecraft.glowstone":10,"stat.pickup.minecraft.log":1,"stat.pickup.minecraft.string":1,"stat.drop.minecraft.sign":1,"stat.useItem.minecraft.bedrock":1,"stat.pickup.betteranimalsplus.pheasant_egg":1,"stat.jump":361,"stat.swimOneCm":1051,"stat.pickup.minecraft.bedrock":64,"stat.fallOneCm":7961,"stat.climbOneCm":829,"stat.useItem.minecraft.cooked_mutton":2,"stat.mineBlock.minecraft.web":1,"stat.pickup.minecraft.stone":1,"stat.crouchOneCm":402,"stat.pickup.projecte.transmutation_table":6,"stat.pickup.minecraft.dirt":10,"stat.sprintOneCm":67026,"stat.useItem.minecraft.stone_slab2":63,"stat.craftItem.iceandfire.armor_bronze_leggings":1,"stat.killEntity.Skeleton":3,"stat.useItem.minecraft.stone_slab":50,"stat.mineBlock.minecraft.iron_bars":2,"stat.mineBlock.minecraft.stonebrick":1,"stat.damageTaken":1099,"stat.useItem.minecraft.diamond_pickaxe":23,"stat.pickup.draconicevolution.draconic_staff_of_power":2,"stat.mineBlock.thaumcraft.loot_crate_common":1,"stat.mobKills":4,"stat.pickup.minecraft.emerald":4,"stat.pickup.minecraft.cobblestone":6,"stat.mineBlock.projecte.transmutation_table":6,"stat.pickup.bountifulbaubles.flaregun":1,"stat.pickup.minecraft.planks":27,"stat.mineBlock.thaumcraft.loot_urn_common":1,"stat.flyOneCm":219506,"stat.deaths":3,"stat.drop":3,"stat.pickup.minecraft.wheat_seeds":1,"stat.playOneMinute":34890,"stat.pickup.minecraft.red_flower":2,"stat.sneakTime":242,"stat.damageDealt":711,"stat.craftItem.minecraft.diamond_pickaxe":1,"stat.killEntity.Zombie":1,"stat.sleepInBed":1,"stat.timeSinceDeath":2246,"stat.pickup.minecraft.iron_bars":1,"stat.mineBlock.minecraft.dirt":10,"stat.craftItem.iceandfire.armor_bronze_boots":1,"stat.mineBlock.minecraft.stone":7,"stat.mineBlock.minecraft.tallgrass":10,"stat.diveOneCm":556}