{"stat.useItem.minecraft.bow":4,"stat.useItem.minecraft.quartz_block":107,"stat.craftItem.iceandfire.armor_bronze_chestplate":1,"stat.pickup.iceandfire.fire_dragon_flesh":1,"stat.mineBlock.iceandfire.chared_grass":25,"stat.craftItem.minecraft.diamond_hoe":2,"stat.leaveGame":8,"stat.craftItem.gb.globot":51,"stat.useItem.minecraft.glowstone":31,"stat.mineBlock.minecraft.sandstone":2,"stat.killEntity.grimoireofgaia.centaur":1,"stat.killEntity.PigZombie":7,"stat.craftItem.minecraft.shield":2,"stat.mineBlock.minecraft.web":1,"stat.drop.minecraft.feather":1,"stat.pickup.minecraft.rotten_flesh":66,"stat.useItem.minecraft.diamond_hoe":14,"stat.pickup.thaumcraft.crimson_robe_helm":1,"stat.pickup.minecraft.brick_block":2,"stat.pickup.iceandfire.witherbone":5,"stat.craftItem.bhc.red_heart_canister":3,"stat.pickup.minecraft.bucket":1,"stat.pickup.minecraft.leather_boots":1,"stat.pickup.netherex.wither_bone":2,"stat.craftItem.minecraft.iron_shovel":2,"stat.drop.minecraft.sand":1,"stat.killEntity.grimoireofgaia.creep":1,"stat.craftItem.projecte.item.pe_covalence_dust":240,"stat.pickup.bhc.yellow_heart":1,"stat.useItem.minecraft.iron_shovel":254,"stat.mineBlock.minecraft.brick_block":2,"stat.mineBlock.minecraft.vine":5,"stat.mineBlock.chisel.marble2":11,"stat.furnaceInteraction":19,"stat.mineBlock.botania.flower":4,"stat.killEntity.grimoireofgaia.satyress":1,"stat.pickup.iceandfire.manuscript":2,"stat.craftItem.extrautils2.decorativesolidwood":5,"stat.pickup.chisel.stonebrick":69,"stat.mineBlock.futureminecraf.grindstone":1,"stat.pickup.minecraft.potion":1,"stat.mineBlock.minecraft.fence":1,"stat.useItem.minecraft.flint_and_steel":29,"stat.pickup.thaumcraft.crystal_essence":29,"stat.useItem.iceandfire.chared_dirt":1,"stat.killEntity.Husk":3,"stat.pickup.minecraft.emerald":7,"stat.useItem.minecraft.dye":378,"stat.deaths":20,"stat.pickup.minecraft.egg":5,"stat.drop.iceandfire.dragonbone_sword_fire":1,"stat.mineBlock.minecraft.stone_pressure_plate":2,"stat.useItem.chisel.planks-oak":470,"stat.pickup.minecraft.sea_lantern":1,"stat.pickup.chisel.marble2":11,"stat.mineBlock.minecraft.tallgrass":903,"stat.chestOpened":57,"stat.useItem.minecraft.stone":14,"stat.craftItem.projecte.item.pe_destruction_catalyst":2,"stat.pickup.minecraft.arrow":26,"stat.pickup.minecraft.iron_sword":1,"stat.pickup.iceandfire.blindfold":1,"stat.pickup.minecraft.gold_nugget":388,"stat.useItem.chisel.stonebrick":484,"stat.craftItem.minecraft.coal":10,"stat.killEntity.netherex:spinout":1,"stat.pickup.chisel.basalt2":2,"stat.crouchOneCm":11894,"stat.mineBlock.projecte.dm_pedestal":1,"stat.pickup.minecraft.nether_brick_fence":1,"stat.pickup.atum.limestone_cracked_slab":1,"stat.mineBlock.minecraft.log2":1,"stat.pickup.bountifulbaubles.flaregun":1,"stat.pickup.minecraft.planks":27,"stat.useItem.iceandfire.dragonbone_sword_fire":225,"stat.pickup.chisel.limestone2":8,"stat.craftItem.minecraft.diamond_shovel":2,"stat.pickup.minecraft.wheat_seeds":133,"stat.mineBlock.minecraft.glass":2,"stat.craftItem.roost.catcher":1,"stat.mineBlock.minecraft.ender_chest":1,"stat.mineBlock.minecraft.dirt":3865,"stat.pickup.tconstruct.seared_stairs_cobble":1,"stat.mineBlock.mekanism.saltblock":1,"stat.drop.minecraft.rotten_flesh":13,"stat.mineBlock.minecraft.double_plant":23,"stat.useItem.projecte.collector_mk3":4,"stat.pickup.minecraft.bedrock":64,"stat.pickup.minecraft.chicken":1,"stat.pickup.iceandfire.fire_dragon_blood":3,"stat.pickup.minecraft.apple":1,"stat.pickup.minecraft.coal_block":2,"stat.craftItem.minecraft.planks":256,"stat.craftItem.bhc.canister":2,"stat.itemEnchanted":16,"stat.pickup.iceandfire.dragonscales_green":30,"stat.mineBlock.projecte.alchemical_chest":1,"stat.drop.thaumcraft.crystal_essence":29,"stat.pickup.minecraft.book":45,"stat.pickup.galacticraftcore.tin_stairs_2":1,"stat.mineBlock.minecraft.log":23,"stat.pickup.iceandfire.dragonbone":12,"stat.pickup.minecraft.iron_door":1,"stat.pickup.chisel.concrete_black2":1,"stat.pickup.minecraft.red_flower":7,"stat.pickup.minecraft.wool":1,"stat.killEntity.siren":3,"stat.craftItem.iceandfire.armor_bronze_boots":1,"stat.mineBlock.thaumcraft.ore_cinnabar":1,"stat.drop.chisel.chisel_diamond":2,"stat.pickup.minecraft.tripwire_hook":3,"stat.pickup.ic2.ingot":4,"stat.craftItem.extrautils2.itembuilderswand":2,"stat.craftItem.minecraft.diamond_leggings":1,"stat.mineBlock.minecraft.cobblestone":5,"stat.pickup.minecraft.stone_pickaxe":2,"stat.pickup.minecraft.flint":11,"stat.mineBlock.minecraft.yellow_flower":2,"stat.useItem.minecraft.skull":5,"stat.craftItem.iceandfire.dragonbone_sword_fire":1,"stat.pickup.minecraft.leather_chestplate":1,"stat.craftItem.minecraft.clock":2,"stat.craftItem.bhc.relic_apple":2,"stat.pickup.netherex.basalt_pillar":1,"stat.pickup.minecraft.cooked_porkchop":3,"stat.pickup.thaumcraft.turret":1,"stat.craftItem.projecte.alchemical_chest":2,"stat.useItem.minecraft.obsidian":24,"stat.useItem.minecraft.stone_slab2":162,"stat.pickup.minecraft.bow":2,"stat.pickup.minecraft.iron_boots":3,"stat.pickup.futureminecraf.cornflower":7,"stat.useItem.minecraft.egg":2,"stat.pickup.botania.bifrostpermpane":1,"stat.pickup.iceandfire.chain_link":2,"stat.pickup.gb.gow":1,"stat.pickup.galacticraftplanets.creeper_egg":1,"stat.mineBlock.projecte.transmutation_table":31,"stat.pickup.projecte.relay_mk3":1,"stat.pickup.minecraft.diamond_leggings":1,"stat.flyOneCm":1321638,"stat.pickup.minecraft.sandstone":1,"stat.drop.projecte.transmutation_table":1,"stat.pickup.minecraft.fish":1,"stat.craftItem.gb.globot_chestplate":4,"stat.timeSinceDeath":7823,"stat.craftItem.minecraft.iron_block":6,"stat.pickup.travelersbackpack.travelers_backpack":3,"stat.mineBlock.futureminecraf.cornflower":3,"stat.pickup.minecraft.chainmail_helmet":2,"stat.pickup.minecraft.nether_wart":3,"stat.pickup.chisel.carpet_lightgray":1,"stat.mineBlock.minecraft.enchanting_table":2,"stat.mineBlock.minecraft.coal_ore":2,"stat.killEntity.Creeper":1,"stat.pickup.minecraft.shield":2,"stat.talkedToVillager":19,"stat.pickup.extrautils2.ingredients":1,"stat.pickup.minecraft.string":9,"stat.useItem.minecraft.written_book":1,"stat.craftItem.tconstruct.tooltables":1,"stat.sprintOneCm":1231371,"stat.useItem.minecraft.diamond_shovel":3997,"stat.craftItem.extrautils2.bagofholding":3,"stat.mineBlock.minecraft.stone_slab":1,"stat.drop.minecraft.leather":1,"stat.pickup.ic2.resource":33,"stat.pickup.projecte.condenser_mk1":1,"stat.craftItem.projecte.nova_catalyst":4,"stat.mineBlock.thaumcraft.loot_urn_common":1,"stat.pickup.netherex.nether_brick_fence_gate":1,"stat.killEntity.Zombie":65,"stat.craftItem.minecraft.dye":385,"stat.pickup.mekanism.tierinstaller":1,"stat.pickup.iceandfire.chared_dirt":3,"stat.craftItem.minecraft.diamond_axe":2,"stat.drop.minecraft.diamond_pickaxe":1,"stat.diveOneCm":65688,"stat.drop.futureminecraf.grindstone":1,"stat.pickup.tconstruct.tooltables":2,"stat.mineBlock.minecraft.mossy_cobblestone":5,"stat.mineBlock.projecte.relay_mk3":1,"stat.craftItem.iceandfire.armor_green_helmet":1,"stat.drop.minecraft.bookshelf":49,"stat.pickup.minecraft.stone_axe":1,"stat.drop.extrautils2.bagofholding":2,"stat.pickup.minecraft.obsidian":8,"stat.pickup.ic2.te":2,"stat.craftItem.iceandfire.blindfold":1,"stat.jump":5412,"stat.useItem.minecraft.sand":43,"stat.pickup.atum.sand_layer":3,"stat.pickup.minecraft.coal":152,"stat.pickup.minecraft.iron_ingot":2,"stat.pickup.iceandfire.chared_gravel":1,"stat.craftItem.minecraft.torch":28,"stat.pickup.minecraft.dirt":3603,"stat.drop.megaloot.tool_shovel":1,"stat.craftItem.iceandfire.armor_bronze_leggings":1,"stat.pickup.iceandfire.fire_dragon_heart":1,"stat.pickup.atum.ceramic_stairs_orange":1,"stat.pickup.grimoireofgaia.accessory_charm_damage_iron":1,"stat.damageTaken":11339,"stat.mineBlock.minecraft.melon_block":1,"stat.mineBlock.minecraft.torch":32,"stat.mineBlock.minecraft.red_flower":4,"stat.pickup.tconstruct.pick_head":1,"stat.pickup.minecraft.log2":1,"stat.craftItem.minecraft.glowstone":16,"stat.pickup.minecraft.bed":6,"stat.pickup.minecraft.quartz_block":1,"stat.pickup.minecraft.potato":1,"stat.entityKilledBy.Zombie":1,"stat.pickup.projecte.item.pe_dm_pick":1,"stat.drop.thaumcraft.brain":1,"stat.pickup.iceandfire.chared_grass":18,"stat.craftItem.mahoutsukai.guidebook":1,"stat.pickup.betteranimalsplus.pheasant_egg":1,"stat.pickup.projecte.transmutation_table":31,"stat.useItem.projecte.dm_pedestal":2,"stat.craftItem.minecraft.bookshelf":10,"stat.mineBlock.minecraft.stonebrick":11,"stat.mineBlock.minecraft.glowstone":22,"stat.pickup.projecte.collector_mk1":2,"stat.killEntity.grimoireofgaia.harpy":3,"stat.mobKills":176,"stat.pickup.projecte.collector_mk2":2,"stat.pickup.minecraft.diamond_boots":2,"stat.mineBlock.minecraft.bookshelf":15,"stat.pickup.projecte.collector_mk3":5,"stat.drop.minecraft.written_book":1,"stat.pickup.minecraft.beetroot_seeds":5,"stat.pickup.minecraft.torch":38,"stat.pickup.iceandfire.myrmex_jungle_resin":1,"stat.pickup.thaumcraft.brain":6,"stat.killEntity.firedragon":2,"stat.pickup.mowziesmobs.naga_fang":2,"stat.pickup.futureminecraf.grindstone":2,"stat.useItem.minecraft.bookshelf":30,"stat.pickup.gci.paint_yellow":1,"stat.useItem.minecraft.soul_sand":8,"stat.killEntity.Blaze":3,"stat.drop.minecraft.skull":62,"stat.useItem.minecraft.planks":7,"stat.pickup.minecraft.glowstone_dust":73,"stat.pickup.minecraft.porkchop":4,"stat.useItem.minecraft.water_bucket":12,"stat.mineBlock.minecraft.stone_brick_stairs":2,"stat.pickup.minecraft.sand":289,"stat.mineBlock.gb.glucky_block":6,"stat.mineBlock.projecte.condenser_mk1":1,"stat.pickup.betteranimalsplus.deerhead_3":1,"stat.craftItem.gb.glob_seed":2,"stat.pickup.grimoireofgaia.weapon_prop_projectile_web":1,"stat.entityKilledBy.firedragon":8,"stat.pickup.minecraft.chainmail_chestplate":1,"stat.mineBlock.minecraft.sand":317,"stat.pickup.iceandfire.ash":1,"stat.pickup.armorplus.material":9,"stat.craftItem.gb.globot_leggings":4,"stat.pickup.bhc.red_heart":9,"stat.pickup.iceandfire.dragon_skull":1,"stat.entityKilledBy.grimoireofgaia.harpy":1,"stat.craftItem.gb.globot_raw":51,"stat.pickup.projecte.item.pe_philosophers_stone":1,"stat.useItem.minecraft.cooked_mutton":45,"stat.pickup.minecraft.furnace":2,"stat.mineBlock.minecraft.redstone_lamp":1,"stat.pickup.minecraft.iron_chestplate":3,"stat.mineBlock.iceandfire.ash":1,"stat.pickup.ic2.bronze_helmet":1,"stat.pickup.minecraft.stone_stairs":1,"stat.craftItem.ironchest.iron_chest":6,"stat.mineBlock.minecraft.brick_stairs":5,"stat.craftItem.chisel.chisel_diamond":1,"stat.mineBlock.thaumcraft.loot_crate_common":1,"stat.mineBlock.minecraft.soul_sand":6,"stat.mineBlock.iceandfire.chared_gravel":4,"stat.playOneMinute":422845,"stat.pickup.minecraft.blaze_rod":1,"stat.drop.minecraft.string":1,"stat.craftItem.minecraft.diamond_block":1,"stat.pickup.minecraft.diamond_block":5,"stat.pickup.botania.pavement5stairs":1,"stat.pickup.minecraft.iron_bars":20,"stat.pickup.minecraft.dispenser":2,"stat.craftItem.gb.globot_rod":4,"stat.pickup.atum.crystal_light_blue_stained_glass":1,"stat.mineBlock.minecraft.dispenser":2,"stat.craftItem.mca.engagement_ring":1,"stat.pickup.tconstruct.shovel":1,"stat.craftItem.iceandfire.dragonbone_sword":1,"stat.killEntity.betteranimalsplus.shark":1,"stat.pickup.minecraft.brick_stairs":5,"stat.fallOneCm":80444,"stat.drop.minecraft.dye":64,"stat.craftItem.minecraft.chest":1,"stat.pickup.minecraft.golden_leggings":1,"stat.pickup.minecraft.melon":5,"stat.mineBlock.projecte.collector_mk2":2,"stat.mineBlock.projecte.collector_mk3":5,"stat.mineBlock.projecte.collector_mk1":2,"stat.pickup.icbmclassic.sulfurdust":7,"stat.pickup.minecraft.feather":7,"stat.drop.minecraft.iron_leggings":1,"stat.pickup.minecraft.iron_leggings":4,"stat.craftItem.projecte.matter_block":1,"stat.mineBlock.minecraft.gravel":9,"stat.useItem.minecraft.iron_bars":3,"stat.pickup.minecraft.flint_and_steel":1,"stat.useItem.minecraft.torch":260,"stat.pickup.minecraft.golden_apple":24,"stat.pickup.minecraft.iron_nugget":13,"stat.drop.botania.flower":1,"stat.craftItem.bhc.heart_amulet":2,"stat.useItem.minecraft.log":176,"stat.craftItem.minecraft.crafting_table":1,"stat.craftItem.projecte.relay_mk1":2,"stat.killEntity.LavaSlime":15,"stat.mineBlock.minecraft.emerald_ore":6,"stat.mineBlock.chisel.stonebrick":76,"stat.pickup.minecraft.redstone_block":1,"stat.pickup.minecraft.log":23,"stat.drop.minecraft.sign":1,"stat.mineBlock.galacticraftcore.basic_block_core":5,"stat.drop.minecraft.stonebrick":64,"stat.craftItem.projecte.item.pe_fuel":1,"stat.pickup.netherex.quartz_wall":1,"stat.drop.minecraft.planks":57,"stat.pickup.minecraft.web":5,"stat.pickup.botania.biomestonea8stairs":1,"stat.pickup.chisel.planks-spruce":1,"stat.pickup.minecraft.chainmail_leggings":3,"stat.pickup.minecraft.sapling":3,"stat.pickup.roost.chicken":9,"stat.pickup.minecraft.beetroot":3,"stat.mineBlock.minecraft.tripwire_hook":2,"stat.mineBlock.iceandfire.goldpile":79,"stat.killEntity.WitherSkeleton":9,"stat.mineBlock.bigreactors.oreyellorite":7,"stat.craftItem.gb.glob":17,"stat.sneakTime":4129,"stat.drop.minecraft.bucket":1,"stat.entityKilledBy.Blaze":1,"stat.pickup.minecraft.rabbit_stew":2,"stat.useItem.projecte.item.pe_destruction_catalyst":47,"stat.pickup.minecraft.yellow_flower":4,"stat.mineBlock.minecraft.jukebox":1,"stat.killEntity.grimoireofgaia.minotaurus":3,"stat.pickup.minecraft.chest":1,"stat.craftItem.minecraft.enchanting_table":2,"stat.craftItem.minecraft.diamond_chestplate":1,"stat.craftItem.projecte.dm_pedestal":2,"stat.drop.iceandfire.blindfold":3,"stat.pickup.minecraft.bone":32,"stat.pickup.minecraft.stone_pressure_plate":5,"stat.horseOneCm":1171,"stat.pickup.megaloot.tool_shovel":1,"stat.useItem.minecraft.diamond_sword":149,"stat.drop.draconicevolution.draconic_staff_of_power":2,"stat.craftItem.minecraft.diamond_helmet":1,"stat.pickup.bigreactors.oreyellorite":7,"stat.swimOneCm":108320,"stat.climbOneCm":6769,"stat.drop.chisel.limestone2":8,"stat.mineBlock.minecraft.spruce_stairs":1,"stat.useItem.minecraft.dirt":337,"stat.killEntity.betteranimalsplus.boar":1,"stat.craftItem.gb.gow":2,"stat.useItem.minecraft.red_flower":1,"stat.pickup.minecraft.enchanting_table":2,"stat.pickup.minecraft.anvil":1,"stat.pickup.minecraft.cobblestone":487,"stat.mineBlock.minecraft.carpet":12,"stat.mineBlock.chisel.limestone2":8,"stat.pickup.minecraft.soul_sand":4,"stat.drop.minecraft.wheat_seeds":2,"stat.pickup.minecraft.redstone":78,"stat.mineBlock.minecraft.iron_ore":2,"stat.drop.minecraft.log":1,"stat.pickup.minecraft.mutton":1,"stat.pickup.minecraft.mossy_cobblestone":7,"stat.drop.minecraft.coal":64,"stat.pickup.armorplus.wither_boss_trophy":1,"stat.mineBlock.minecraft.coal_block":2,"stat.pickup.minecraft.stonebrick":100,"stat.pickup.minecraft.redstone_lamp":1,"stat.pickup.galacticraftcore.basic_block_core":40,"stat.drop.minecraft.dirt":1,"stat.pickup.mekanism.salt":4,"stat.pickup.minecraft.carpet":12,"stat.pickup.minecraft.diamond_shovel":1,"stat.drop.projecte.item.pe_matter":16,"stat.craftItem.minecraft.stone_slab2":0,"stat.pickup.minecraft.nether_star":1,"stat.pickup.rftools.storage_scanner":1,"stat.mineBlock.mekanism.oreblock":1,"stat.useItem.minecraft.stone_slab":50,"stat.drop.tconstruct.pick_head":1,"stat.craftItem.minecraft.stone":1,"stat.useItem.minecraft.diamond_pickaxe":505,"stat.mineBlock.minecraft.quartz_block":1,"stat.pickup.draconicevolution.draconic_staff_of_power":2,"stat.pickup.iceandfire.dragonbone_sword_fire":1,"stat.drop.minecraft.golden_apple":13,"stat.pickup.minecraft.diamond_chestplate":1,"stat.pickup.botania.flower":10,"stat.useItem.extrautils2.itembuilderswand":124,"stat.drop":53,"stat.pickup.minecraft.jukebox":1,"stat.killEntity.Sheep":1,"stat.pickup.minecraft.slime_ball":1,"stat.craftItem.minecraft.diamond_pickaxe":1,"stat.craftItem.projecte.item.pe_transmutation_tablet":1,"stat.drop.minecraft.bread":64,"stat.pickup.projecte.dm_pedestal":1,"stat.killEntity.BrainyZombie":1,"stat.pickup.projecte.alchemical_chest":1,"stat.pickup.minecraft.gravel":60,"stat.craftItem.projecte.condenser_mk1":2,"stat.useItem.minecraft.diamond_axe":34,"stat.mineBlock.minecraft.anvil":1,"stat.useItem.minecraft.potion":1,"stat.pickup.minecraft.stone_brick_stairs":2,"stat.useItem.minecraft.bedrock":20,"stat.pickup.minecraft.fence":1,"stat.pickup.minecraft.iron_helmet":1,"stat.pickup.minecraft.iron_ore":6,"stat.craftItem.projecte.item.pe_matter":2,"stat.entityKilledBy.siren":1,"stat.pickup.iceandfire.shiny_scales":7,"stat.pickup.extrautils2.bagofholding":2,"stat.mineBlock.minecraft.iron_bars":17,"stat.craftItem.minecraft.flint_and_steel":1,"stat.mineBlock.tconstruct.tooltables":2,"stat.mineBlock.minecraft.stone_stairs":2,"stat.pickup.minecraft.leather":5,"stat.mineBlock.minecraft.furnace":2,"stat.dispenserInspected":2,"stat.craftItem.gb.globot_helmet":4,"stat.pickup.minecraft.prismarine_shard":5,"stat.pickup.minecraft.reeds":6,"stat.pickup.minecraft.prismarine_crystals":5,"stat.killEntity.CaveSpider":1,"stat.damageDealt":22833,"stat.craftItem.minecraft.glass":1,"stat.sleepInBed":24,"stat.craftItem.minecraft.anvil":1,"stat.pickup.projecte.item.pe_time_watch":1,"stat.killEntity.Pig":1,"stat.mineBlock.iceandfire.chared_dirt":3,"stat.pickup.grimoireofgaia.food_meat":1,"stat.walkOneCm":972903,"stat.craftItem.gb.globot_boots":4,"stat.playerKills":9,"stat.mineBlock.ic2.te":1,"stat.pickup.minecraft.stick":7,"stat.pickup.mekanism.oreblock":26,"stat.pickup.thaumcraft.seal":1,"stat.drop.ic2.te":1,"stat.mineBlock.chisel.basalt2":4,"stat.useItem.projecte.transmutation_table":1,"stat.craftItem.minecraft.diamond_boots":1,"stat.pickup.minecraft.stone":36,"stat.useItem.minecraft.spruce_stairs":41,"stat.useItem.bhc.relic_apple":5,"stat.craftItem.projecte.item.pe_time_watch":2,"stat.killEntity.Skeleton":27,"stat.pickup.thaumcraft.ore_cinnabar":1,"stat.pickup.armorplus.noon":1,"stat.killEntity.Spider":11,"stat.pickup.minecraft.bread":1,"stat.craftItem.minecraft.tnt":2,"stat.pickup.gb.globette":168,"stat.useItem.gb.gow":243,"stat.pickup.minecraft.quartz":6,"stat.useItem.minecraft.golden_apple":35,"stat.pickup.minecraft.water_bucket":1,"stat.pickup.minecraft.spruce_stairs":2,"stat.mineBlock.minecraft.redstone_ore":4,"stat.pickup.armorplus.guardian_trophy":1,"stat.mineBlock.minecraft.stone":118,"stat.pickup.netherex.red_nether_brick_fence":1}