{"stat.pickup.minecraft.redstone_torch":1,"stat.useItem.minecraft.stone":6,"stat.leaveGame":6,"stat.pickup.minecraft.iron_sword":1,"stat.mineBlock.minecraft.cobblestone":3,"stat.pickup.minecraft.stone_pickaxe":1,"stat.craftItem.betteranimalsplus.fried_egg":1,"stat.pickup.grimoireofgaia.misc_soul_fire":1,"stat.useItem.minecraft.diamond_sword":21,"stat.jump":600,"stat.swimOneCm":5358,"stat.pickup.minecraft.coal":51,"stat.fallOneCm":16065,"stat.craftItem.minecraft.shield":1,"stat.pickup.minecraft.carrot":26,"stat.crouchOneCm":642,"stat.craftItem.minecraft.iron_ingot":11,"stat.craftItem.minecraft.torch":12,"stat.pickup.minecraft.dirt":7,"stat.useItem.minecraft.stone_slab2":11,"stat.useItem.betteranimalsplus.fried_egg":1,"stat.useItem.minecraft.cooked_chicken":1,"stat.craftingTableInteraction":7,"stat.pickup.minecraft.iron_ore":11,"stat.pickup.minecraft.rotten_flesh":11,"stat.craftItem.minecraft.furnace":1,"stat.mineBlock.minecraft.glass_pane":1,"stat.pickup.minecraft.wooden_pickaxe":2,"stat.damageTaken":1474,"stat.craftItem.minecraft.stone_pickaxe":1,"stat.mineBlock.minecraft.torch":1,"stat.mineBlock.minecraft.furnace":1,"stat.useItem.minecraft.wooden_pickaxe":4,"stat.entityKilledBy.grimoireofgaia.nine_tails":1,"stat.pickup.minecraft.cobblestone":58,"stat.pickup.minecraft.planks":11,"stat.flyOneCm":218204,"stat.useItem.minecraft.stone_pickaxe":72,"stat.damageDealt":3604,"stat.mineBlock.minecraft.iron_ore":11,"stat.timeSinceDeath":3584,"stat.mineBlock.minecraft.dirt":4,"stat.useItem.minecraft.spawn_egg":18,"stat.craftItem.minecraft.wooden_pickaxe":1,"stat.craftItem.minecraft.iron_sword":1,"stat.pickup.minecraft.mutton":4,"stat.walkOneCm":86633,"stat.useItem.minecraft.torch":3,"stat.pickup.minecraft.iron_nugget":3,"stat.pickup.minecraft.crafting_table":4,"stat.pickup.bhc.red_heart":2,"stat.useItem.minecraft.tnt":10,"stat.useItem.minecraft.cobblestone":20,"stat.craftItem.minecraft.crafting_table":1,"stat.furnaceInteraction":9,"stat.killEntity.grimoireofgaia.oni":1,"stat.mineBlock.minecraft.coal_ore":28,"stat.pickup.minecraft.shield":1,"stat.talkedToVillager":4,"stat.pickup.minecraft.log":7,"stat.pickup.minecraft.furnace":1,"stat.craftItem.minecraft.stone_slab2":0,"stat.craftItem.minecraft.iron_chestplate":1,"stat.pickup.minecraft.chicken":1,"stat.sprintOneCm":64555,"stat.pickup.minecraft.iron_chestplate":1,"stat.craftItem.minecraft.stick":8,"stat.craftItem.minecraft.planks":28,"stat.useItem.minecraft.iron_sword":41,"stat.killEntity.Chicken":1,"stat.mineBlock.minecraft.crafting_table":3,"stat.useItem.minecraft.diamond_pickaxe":11,"stat.useItem.minecraft.carrot":14,"stat.mobKills":15,"stat.mineBlock.minecraft.log":7,"stat.craftItem.minecraft.cooked_chicken":1,"stat.deaths":4,"stat.drop":2,"stat.pickup.minecraft.egg":1,"stat.playOneMinute":58111,"stat.pickup.minecraft.torch":11,"stat.killEntity.Sheep":3,"stat.sneakTime":340,"stat.pickup.minecraft.wool":3,"stat.killEntity.Zombie":10,"stat.mineBlock.minecraft.stone":42,"stat.mineBlock.minecraft.tallgrass":4,"stat.diveOneCm":3174}