{"stat.drop.minecraft.mutton":5,"stat.craftItem.iceandfire.armor_bronze_chestplate":2,"stat.useItem.iceandfire.fire_dragon_flesh":3,"stat.pickup.iceandfire.fire_dragon_flesh":7,"stat.leaveGame":12,"stat.pickup.grimoireofgaia.misc_soul_fire":3,"stat.killEntity.grimoireofgaia.centaur":5,"stat.craftItem.minecraft.shield":2,"stat.useItem.minecraft.planks":40,"stat.craftItem.iceandfire.armor_bronze_helmet":1,"stat.pickup.minecraft.porkchop":6,"stat.pickup.betteranimalsplus.wolf_pelt_snowy":2,"stat.useItem.minecraft.water_bucket":5,"stat.drop.travelersbackpack.travelers_backpack":1,"stat.pickup.minecraft.rotten_flesh":22,"stat.pickup.minecraft.sand":50,"stat.useItem.minecraft.golden_sword":39,"stat.mineBlock.gb.glucky_block":5,"stat.craftItem.minecraft.stone_axe":1,"stat.pickup.iceandfire.chared_cobblestone":7,"stat.pickup.minecraft.bucket":1,"stat.pickup.enderio.item_broken_spawner":2,"stat.entityKilledBy.firedragon":55,"stat.mineBlock.minecraft.sand":50,"stat.useItem.minecraft.spider_eye":1,"stat.useItem.minecraft.iron_pickaxe":577,"stat.useItem.minecraft.spawn_egg":18,"stat.craftItem.minecraft.wooden_pickaxe":1,"stat.drop.minecraft.cooked_mutton":3,"stat.craftItem.minecraft.bed":2,"stat.entityKilledBy.grimoireofgaia.satyress":1,"stat.mineBlock.chisel.marble2":2,"stat.pickup.bhc.red_heart":3,"stat.furnaceInteraction":61,"stat.mineBlock.botania.flower":1,"stat.killEntity.ZombieVillager":1,"stat.pickup.iceandfire.dragon_skull":1,"stat.killEntity.grimoireofgaia.satyress":3,"stat.pickup.iceandfire.manuscript":2,"stat.pickup.minecraft.beef":6,"stat.pickup.minecraft.furnace":2,"stat.useItem.minecraft.cooked_mutton":8,"stat.pickup.minecraft.iron_chestplate":2,"stat.pickup.minecraft.skull":2,"stat.pickup.minecraft.stone_stairs":1,"stat.pickup.thaumcraft.crystal_essence":4,"stat.pickup.thaumcraft.nugget":3,"stat.pickup.grimoireofgaia.box_gold":1,"stat.killEntity.betteranimalsplus.zotzpyre":1,"stat.pickup.minecraft.emerald":12,"stat.entityKilledBy.betteranimalsplus.boar":1,"stat.mineBlock.travelersbackpack.sleeping_bag_bottom":1,"stat.deaths":86,"stat.craftItem.projecte.transmutation_table":1,"stat.pickup.minecraft.egg":20,"stat.playOneMinute":341159,"stat.entityKilledBy.grimoireofgaia.dullahan":2,"stat.drop.grimoireofgaia.box_gold":1,"stat.craftItem.minecraft.iron_pickaxe":3,"stat.pickup.artifacts.panic_necklace":1,"stat.drop.minecraft.torch":15,"stat.pickup.chisel.marble2":6,"stat.mineBlock.minecraft.tallgrass":103,"stat.craftItem.minecraft.cooked_mutton":8,"stat.entityKilledBy.grimoireofgaia.creep":1,"stat.pickup.minecraft.cooked_mutton":6,"stat.chestOpened":79,"stat.pickup.minecraft.pumpkin":2,"stat.useItem.minecraft.stone":12,"stat.pickup.minecraft.iron_sword":2,"stat.pickup.minecraft.arrow":5,"stat.craftItem.betteranimalsplus.fried_egg":14,"stat.pickup.minecraft.gold_nugget":420,"stat.drop.minecraft.iron_pickaxe":1,"stat.fallOneCm":191313,"stat.pickup.mutantbeasts.mutant_skeleton_shoulder_pad":1,"stat.pickup.minecraft.carrot":86,"stat.pickup.mutantbeasts.mutant_skeleton_skull":1,"stat.crouchOneCm":24754,"stat.craftItem.minecraft.iron_ingot":31,"stat.craftItem.minecraft.chest":3,"stat.entityKilledBy.grimoireofgaia.werecat":1,"stat.craftingTableInteraction":34,"stat.pickup.minecraft.wooden_pickaxe":2,"stat.useItem.chisel.marble2":4,"stat.pickup.minecraft.feather":5,"stat.killEntity.grimoireofgaia.horse":1,"stat.pickup.minecraft.dye":1,"stat.pickup.minecraft.planks":52,"stat.pickup.chisel.limestone2":3,"stat.pickup.minecraft.wheat_seeds":8,"stat.useItem.minecraft.stone_pickaxe":258,"stat.craftItem.minecraft.iron_leggings":1,"stat.craftItem.roost.catcher":1,"stat.mineBlock.minecraft.dirt":56,"stat.useItem.minecraft.torch":87,"stat.useItem.minecraft.bread":4,"stat.drop.iceandfire.dragonscales_bronze":31,"stat.pickup.minecraft.iron_nugget":30,"stat.drop.minecraft.rotten_flesh":3,"stat.pickup.minecraft.crafting_table":5,"stat.useItem.minecraft.cobblestone":207,"stat.craftItem.minecraft.crafting_table":1,"stat.mineBlock.minecraft.double_plant":2,"stat.killEntity.grimoireofgaia.oni":1,"stat.entityKilledBy.Firebat":1,"stat.useItem.grimoireofgaia.food_meat":2,"stat.mineBlock.minecraft.emerald_ore":11,"stat.pickup.minecraft.log":32,"stat.mineBlock.galacticraftcore.basic_block_core":3,"stat.pickup.minecraft.iron_pickaxe":1,"stat.killEntity.grimoireofgaia.gryphon":1,"stat.pickup.minecraft.chicken":9,"stat.pickup.roost.chicken":4,"stat.mineBlock.minecraft.tripwire_hook":1,"stat.mineBlock.iceandfire.goldpile":77,"stat.craftItem.minecraft.planks":128,"stat.useItem.minecraft.iron_sword":477,"stat.mineBlock.minecraft.log":31,"stat.craftItem.minecraft.wooden_door":3,"stat.pickup.minecraft.golden_sword":1,"stat.craftItem.minecraft.cooked_chicken":8,"stat.useItem.minecraft.wooden_door":1,"stat.pickup.iceandfire.dragonbone":32,"stat.craftItem.mutantbeasts.mutant_skeleton_boots":1,"stat.pickup.mutantbeasts.mutant_skeleton_limb":4,"stat.pickup.minecraft.red_flower":12,"stat.sneakTime":8743,"stat.pickup.minecraft.wool":9,"stat.craftItem.iceandfire.armor_bronze_boots":2,"stat.entityKilledBy.grimoireofgaia.centaur":1,"stat.killEntity.grimoireofgaia.minotaurus":2,"stat.pickup.minecraft.bone":17,"stat.drop.betteranimalsplus.fried_egg":5,"stat.pickup.minecraft.redstone_torch":1,"stat.useItem.minecraft.iron_axe":13,"stat.mineBlock.minecraft.cobblestone":7,"stat.mineBlock.minecraft.pumpkin":2,"stat.pickup.minecraft.stone_pickaxe":1,"stat.mineBlock.iceandfire.chared_stone":31,"stat.useItem.minecraft.diamond_sword":101,"stat.swimOneCm":51572,"stat.pickup.betteranimalsplus.fried_egg":2,"stat.drop.minecraft.cobblestone":64,"stat.useItem.minecraft.dirt":8,"stat.killEntity.betteranimalsplus.boar":6,"stat.useItem.minecraft.stone_slab2":42,"stat.useItem.betteranimalsplus.fried_egg":9,"stat.craftItem.minecraft.furnace":2,"stat.killEntity.artifacts.mimic":1,"stat.useItem.minecraft.egg":2,"stat.craftItem.minecraft.stone_pickaxe":2,"stat.mineBlock.minecraft.obsidian":1,"stat.pickup.betteranimalsplus.turkey_raw":2,"stat.pickup.minecraft.cobblestone":718,"stat.mineBlock.projecte.transmutation_table":1,"stat.pickup.mutantbeasts.mutant_skeleton_rib":2,"stat.mineBlock.chisel.limestone2":3,"stat.flyOneCm":1253706,"stat.useItem.iceandfire.chared_stone":5,"stat.pickup.minecraft.fish":2,"stat.drop.projecte.transmutation_table":1,"stat.drop.minecraft.wheat_seeds":2,"stat.useItem.minecraft.cooked_beef":5,"stat.pickup.minecraft.redstone":38,"stat.mineBlock.minecraft.iron_ore":50,"stat.timeSinceDeath":8348,"stat.pickup.minecraft.mutton":12,"stat.pickup.travelersbackpack.travelers_backpack":5,"stat.drop.minecraft.dirt":2,"stat.pickup.galacticraftcore.basic_block_core":3,"stat.useItem.minecraft.cooked_porkchop":6,"stat.pickup.minecraft.iron_shovel":1,"stat.mineBlock.minecraft.coal_ore":34,"stat.pickup.minecraft.shield":2,"stat.talkedToVillager":4,"stat.pickup.extrautils2.ingredients":3,"stat.killEntity.betteranimalsplus.turkey":2,"stat.pickup.minecraft.string":10,"stat.craftItem.minecraft.stone_slab2":0,"stat.sprintOneCm":841304,"stat.craftItem.minecraft.stick":48,"stat.mineBlock.minecraft.diamond_ore":11,"stat.useItem.betteranimalsplus.pheasant_egg":1,"stat.mineBlock.minecraft.crafting_table":4,"stat.useItem.minecraft.diamond_pickaxe":13,"stat.useItem.minecraft.carrot":55,"stat.entityKilledBy.Creeper":1,"stat.pickup.botania.flower":1,"stat.mineBlock.minecraft.planks":26,"stat.drop":23,"stat.killEntity.Sheep":9,"stat.useItem.iceandfire.chared_cobblestone":1,"stat.craftItem.minecraft.diamond_pickaxe":1,"stat.killEntity.Zombie":19,"stat.mineBlock.minecraft.gold_ore":13,"stat.diveOneCm":34274,"stat.pickup.iceandfire.dragonscales_bronze":84,"stat.drop.minecraft.wooden_pickaxe":1,"stat.craftItem.minecraft.cooked_porkchop":6,"stat.pickup.minecraft.stone_axe":1,"stat.pickup.minecraft.obsidian":4,"stat.craftItem.minecraft.diamond_sword":1,"stat.jump":6088,"stat.pickup.minecraft.fence":1,"stat.pickup.minecraft.coal":94,"stat.pickup.minecraft.iron_ingot":22,"stat.useItem.minecraft.stone_axe":51,"stat.entityKilledBy.CaveSpider":1,"stat.pickup.iceandfire.chared_stone":28,"stat.pickup.minecraft.spider_eye":1,"stat.craftItem.minecraft.torch":112,"stat.pickup.minecraft.dirt":57,"stat.craftItem.minecraft.iron_helmet":1,"stat.drop.minecraft.iron_shovel":1,"stat.useItem.minecraft.cooked_chicken":6,"stat.pickup.minecraft.iron_ore":47,"stat.craftItem.iceandfire.armor_bronze_leggings":2,"stat.pickup.iceandfire.fire_dragon_heart":1,"stat.pickup.minecraft.gold_ore":13,"stat.mineBlock.minecraft.glass_pane":1,"stat.mineBlock.minecraft.stone_stairs":3,"stat.damageTaken":26449,"stat.pickup.minecraft.leather":7,"stat.mineBlock.minecraft.torch":26,"stat.mineBlock.minecraft.furnace":2,"stat.mineBlock.minecraft.red_flower":9,"stat.useItem.minecraft.wooden_pickaxe":4,"stat.entityKilledBy.grimoireofgaia.nine_tails":1,"stat.dispenserInspected":2,"stat.mineBlock.iceandfire.chared_cobblestone":9,"stat.pickup.minecraft.reeds":19,"stat.pickup.minecraft.bed":3,"stat.damageDealt":23916,"stat.craftItem.minecraft.glass":25,"stat.drop.minecraft.cooked_chicken":2,"stat.sleepInBed":16,"stat.killEntity.Cow":3,"stat.craftItem.minecraft.iron_sword":2,"stat.pickup.grimoireofgaia.food_meat":2,"stat.walkOneCm":649700,"stat.useItem.minecraft.chest":1,"stat.pickup.minecraft.stick":10,"stat.useItem.minecraft.tnt":10,"stat.useItem.minecraft.gold_ore":1,"stat.pickup.betteranimalsplus.pheasant_egg":1,"stat.pickup.galacticraftcore.basic_item":3,"stat.entityKilledBy.grimoireofgaia.minotaurus":1,"stat.pickup.minecraft.stone":42,"stat.craftItem.minecraft.iron_chestplate":1,"stat.killEntity.grimoireofgaia.dullahan":3,"stat.killEntity.if_troll":2,"stat.pickup.projecte.transmutation_table":2,"stat.pickup.minecraft.cooked_beef":5,"stat.killEntity.Skeleton":1,"stat.pickup.grimoireofgaia.bag_book":1,"stat.killEntity.Chicken":4,"stat.killEntity.Spider":1,"stat.pickup.gb.globette":4,"stat.killEntity.grimoireofgaia.harpy":1,"stat.mobKills":70,"stat.pickup.minecraft.diamond_boots":2,"stat.useItem.minecraft.golden_apple":1,"stat.pickup.minecraft.diamond":11,"stat.mineBlock.minecraft.leaves":4,"stat.pickup.minecraft.torch":71,"stat.mineBlock.minecraft.redstone_ore":9,"stat.pickup.thaumcraft.brain":2,"stat.killEntity.firedragon":1,"stat.mineBlock.minecraft.stone":623}