{"stat.drop.minecraft.mutton":5,"stat.pickup.minecraft.bone":14,"stat.pickup.minecraft.redstone_torch":1,"stat.leaveGame":9,"stat.mineBlock.minecraft.cobblestone":5,"stat.mineBlock.minecraft.pumpkin":2,"stat.pickup.minecraft.stone_pickaxe":1,"stat.pickup.grimoireofgaia.misc_soul_fire":3,"stat.useItem.minecraft.diamond_sword":21,"stat.swimOneCm":8443,"stat.craftItem.minecraft.shield":1,"stat.useItem.minecraft.planks":40,"stat.pickup.betteranimalsplus.fried_egg":2,"stat.drop.minecraft.cobblestone":64,"stat.useItem.minecraft.dirt":8,"stat.useItem.minecraft.stone_slab2":28,"stat.useItem.betteranimalsplus.fried_egg":3,"stat.pickup.minecraft.rotten_flesh":17,"stat.pickup.minecraft.sand":26,"stat.craftItem.minecraft.furnace":2,"stat.useItem.minecraft.egg":1,"stat.craftItem.minecraft.stone_axe":1,"stat.pickup.minecraft.bucket":1,"stat.craftItem.minecraft.stone_pickaxe":2,"stat.pickup.minecraft.cobblestone":590,"stat.flyOneCm":539668,"stat.mineBlock.minecraft.sand":26,"stat.pickup.minecraft.redstone":34,"stat.mineBlock.minecraft.iron_ore":50,"stat.timeSinceDeath":0,"stat.useItem.minecraft.iron_pickaxe":322,"stat.useItem.minecraft.spawn_egg":18,"stat.craftItem.minecraft.wooden_pickaxe":1,"stat.pickup.minecraft.mutton":9,"stat.drop.minecraft.cooked_mutton":3,"stat.craftItem.minecraft.bed":2,"stat.pickup.bhc.red_heart":2,"stat.furnaceInteraction":37,"stat.drop.minecraft.dirt":2,"stat.mineBlock.minecraft.coal_ore":34,"stat.pickup.minecraft.shield":2,"stat.talkedToVillager":4,"stat.pickup.extrautils2.ingredients":3,"stat.pickup.minecraft.furnace":2,"stat.useItem.minecraft.cooked_mutton":8,"stat.craftItem.minecraft.stone_slab2":0,"stat.sprintOneCm":337891,"stat.pickup.minecraft.iron_chestplate":2,"stat.craftItem.minecraft.stick":32,"stat.mineBlock.minecraft.diamond_ore":1,"stat.pickup.thaumcraft.crystal_essence":4,"stat.mineBlock.minecraft.crafting_table":4,"stat.useItem.minecraft.diamond_pickaxe":11,"stat.useItem.minecraft.carrot":19,"stat.pickup.minecraft.emerald":5,"stat.entityKilledBy.Creeper":1,"stat.deaths":7,"stat.mineBlock.minecraft.planks":20,"stat.drop":14,"stat.pickup.minecraft.egg":18,"stat.playOneMinute":181634,"stat.entityKilledBy.grimoireofgaia.dullahan":1,"stat.killEntity.Sheep":6,"stat.craftItem.minecraft.iron_pickaxe":2,"stat.killEntity.Zombie":12,"stat.drop.minecraft.torch":15,"stat.mineBlock.minecraft.gold_ore":12,"stat.mineBlock.minecraft.tallgrass":22,"stat.craftItem.minecraft.cooked_mutton":8,"stat.diveOneCm":3797,"stat.pickup.minecraft.cooked_mutton":6,"stat.chestOpened":32,"stat.pickup.minecraft.pumpkin":2,"stat.useItem.minecraft.stone":12,"stat.drop.minecraft.wooden_pickaxe":1,"stat.pickup.minecraft.iron_sword":2,"stat.pickup.minecraft.arrow":2,"stat.pickup.minecraft.stone_axe":1,"stat.craftItem.betteranimalsplus.fried_egg":3,"stat.drop.minecraft.iron_pickaxe":1,"stat.jump":2414,"stat.pickup.minecraft.fence":1,"stat.pickup.minecraft.coal":94,"stat.fallOneCm":59303,"stat.pickup.minecraft.carrot":26,"stat.useItem.minecraft.stone_axe":41,"stat.crouchOneCm":16250,"stat.pickup.minecraft.spider_eye":1,"stat.craftItem.minecraft.iron_ingot":21,"stat.craftItem.minecraft.torch":52,"stat.craftItem.minecraft.chest":3,"stat.pickup.minecraft.dirt":52,"stat.useItem.minecraft.cooked_chicken":5,"stat.craftingTableInteraction":23,"stat.pickup.minecraft.iron_ore":47,"stat.pickup.minecraft.gold_ore":12,"stat.mineBlock.minecraft.glass_pane":1,"stat.pickup.minecraft.wooden_pickaxe":2,"stat.damageTaken":2980,"stat.pickup.minecraft.feather":3,"stat.mineBlock.minecraft.torch":12,"stat.mineBlock.minecraft.furnace":2,"stat.useItem.minecraft.wooden_pickaxe":4,"stat.entityKilledBy.grimoireofgaia.nine_tails":1,"stat.pickup.minecraft.dye":1,"stat.pickup.minecraft.planks":46,"stat.pickup.minecraft.bed":3,"stat.pickup.minecraft.wheat_seeds":2,"stat.useItem.minecraft.stone_pickaxe":258,"stat.damageDealt":6216,"stat.craftItem.roost.catcher":1,"stat.craftItem.minecraft.glass":8,"stat.drop.minecraft.cooked_chicken":2,"stat.sleepInBed":9,"stat.mineBlock.minecraft.dirt":51,"stat.craftItem.minecraft.iron_sword":1,"stat.walkOneCm":306385,"stat.useItem.minecraft.torch":42,"stat.useItem.minecraft.chest":1,"stat.pickup.minecraft.iron_nugget":8,"stat.drop.minecraft.rotten_flesh":2,"stat.pickup.minecraft.crafting_table":5,"stat.useItem.minecraft.tnt":10,"stat.useItem.minecraft.cobblestone":98,"stat.craftItem.minecraft.crafting_table":1,"stat.killEntity.grimoireofgaia.oni":1,"stat.mineBlock.minecraft.emerald_ore":5,"stat.pickup.minecraft.log":25,"stat.pickup.minecraft.iron_pickaxe":1,"stat.pickup.galacticraftcore.basic_item":3,"stat.pickup.minecraft.stone":34,"stat.craftItem.minecraft.iron_chestplate":1,"stat.pickup.minecraft.chicken":9,"stat.killEntity.grimoireofgaia.dullahan":2,"stat.pickup.roost.chicken":4,"stat.killEntity.Skeleton":1,"stat.craftItem.minecraft.planks":100,"stat.useItem.minecraft.iron_sword":106,"stat.killEntity.Chicken":4,"stat.killEntity.Spider":1,"stat.pickup.gb.globette":1,"stat.killEntity.grimoireofgaia.harpy":1,"stat.mobKills":28,"stat.mineBlock.minecraft.log":25,"stat.craftItem.minecraft.wooden_door":3,"stat.craftItem.minecraft.cooked_chicken":8,"stat.useItem.minecraft.wooden_door":1,"stat.pickup.minecraft.diamond":1,"stat.mineBlock.minecraft.leaves":4,"stat.pickup.minecraft.torch":54,"stat.mineBlock.minecraft.redstone_ore":8,"stat.sneakTime":5992,"stat.pickup.minecraft.wool":6,"stat.mineBlock.minecraft.stone":466}