{"stat.chestOpened":1,"stat.walkOneCm":89216,"stat.pickup.minecraft.bone":6,"stat.useItem.minecraft.quartz_block":107,"stat.playerKills":2,"stat.craftItem.iceandfire.armor_bronze_chestplate":1,"stat.pickup.travelersbackpack.travelers_backpack":1,"stat.mineBlock.ic2.te":1,"stat.pickup.minecraft.stick":7,"stat.horseOneCm":1171,"stat.pickup.minecraft.iron_nugget":1,"stat.leaveGame":2,"stat.pickup.minecraft.gravel":1,"stat.pickup.minecraft.arrow":3,"stat.mineBlock.minecraft.vine":1,"stat.pickup.bhc.red_heart":1,"stat.pickup.minecraft.stonebrick":1,"stat.mineBlock.minecraft.double_plant":2,"stat.mineBlock.minecraft.coal_ore":2,"stat.drop.ic2.te":1,"stat.pickup.minecraft.gold_nugget":3,"stat.useItem.minecraft.diamond_sword":44,"stat.mineBlock.minecraft.emerald_ore":4,"stat.drop.draconicevolution.draconic_staff_of_power":2,"stat.useItem.minecraft.glowstone":10,"stat.pickup.ic2.te":2,"stat.pickup.minecraft.log":2,"stat.pickup.minecraft.string":1,"stat.drop.minecraft.sign":1,"stat.useItem.minecraft.bedrock":20,"stat.pickup.betteranimalsplus.pheasant_egg":1,"stat.jump":624,"stat.swimOneCm":2496,"stat.pickup.minecraft.bedrock":64,"stat.pickup.minecraft.coal":9,"stat.fallOneCm":14341,"stat.climbOneCm":829,"stat.useItem.minecraft.planks":7,"stat.useItem.minecraft.cooked_mutton":7,"stat.mineBlock.minecraft.web":1,"stat.pickup.minecraft.stone":1,"stat.drop.minecraft.planks":57,"stat.crouchOneCm":430,"stat.pickup.projecte.transmutation_table":11,"stat.pickup.minecraft.dirt":10,"stat.useItem.minecraft.dirt":6,"stat.sprintOneCm":99583,"stat.useItem.minecraft.stone_slab2":73,"stat.pickup.minecraft.iron_ore":2,"stat.craftItem.iceandfire.armor_bronze_leggings":1,"stat.killEntity.Skeleton":3,"stat.useItem.minecraft.stone_slab":50,"stat.mineBlock.minecraft.iron_bars":2,"stat.mineBlock.minecraft.stonebrick":1,"stat.pickup.thaumcraft.crystal_essence":29,"stat.damageTaken":1459,"stat.useItem.minecraft.diamond_pickaxe":35,"stat.pickup.draconicevolution.draconic_staff_of_power":2,"stat.pickup.gb.globette":1,"stat.mineBlock.thaumcraft.loot_crate_common":1,"stat.mobKills":5,"stat.pickup.minecraft.emerald":4,"stat.pickup.minecraft.cobblestone":8,"stat.mineBlock.projecte.transmutation_table":11,"stat.drop.thaumcraft.crystal_essence":29,"stat.pickup.bountifulbaubles.flaregun":1,"stat.pickup.minecraft.planks":27,"stat.pickup.minecraft.reeds":6,"stat.mineBlock.thaumcraft.loot_urn_common":1,"stat.flyOneCm":267798,"stat.deaths":3,"stat.drop":8,"stat.pickup.minecraft.wheat_seeds":6,"stat.playOneMinute":47490,"stat.drop.projecte.transmutation_table":1,"stat.mineBlock.minecraft.gravel":1,"stat.killEntity.Sheep":1,"stat.pickup.minecraft.red_flower":2,"stat.sneakTime":299,"stat.pickup.minecraft.wool":1,"stat.damageDealt":1017,"stat.craftItem.minecraft.diamond_pickaxe":1,"stat.mineBlock.minecraft.iron_ore":2,"stat.killEntity.Zombie":1,"stat.sleepInBed":1,"stat.timeSinceDeath":14846,"stat.pickup.minecraft.iron_bars":1,"stat.mineBlock.minecraft.dirt":10,"stat.craftItem.iceandfire.armor_bronze_boots":1,"stat.mineBlock.minecraft.stone":9,"stat.mineBlock.minecraft.tallgrass":43,"stat.diveOneCm":1467,"stat.drop.minecraft.diamond_pickaxe":1,"stat.pickup.minecraft.mutton":1}