{"stat.pickup.minecraft.rotten_flesh":4,"stat.walkOneCm":30645,"stat.pickup.minecraft.redstone_torch":1,"stat.useItem.minecraft.stone":6,"stat.leaveGame":3,"stat.damageTaken":442,"stat.useItem.minecraft.tnt":10,"stat.useItem.minecraft.cobblestone":10,"stat.drop.securitycraft.bucket_f_water":1,"stat.useItem.minecraft.diamond_pickaxe":11,"stat.mobKills":5,"stat.pickup.minecraft.cobblestone":11,"stat.useItem.securitycraft.reinforced_stone":3,"stat.useItem.minecraft.diamond_sword":21,"stat.flyOneCm":107266,"stat.drop.securitycraft.keycard_lv3":1,"stat.deaths":1,"stat.drop":2,"stat.jump":162,"stat.pickup.securitycraft.reinforced_stone":64,"stat.swimOneCm":276,"stat.playOneMinute":16597,"stat.fallOneCm":5125,"stat.useItem.securitycraft.bucket_f_water":5,"stat.sneakTime":35,"stat.damageDealt":1901,"stat.crouchOneCm":7,"stat.killEntity.Zombie":5,"stat.timeSinceDeath":2793,"stat.pickup.minecraft.dirt":7,"stat.mineBlock.minecraft.dirt":3,"stat.sprintOneCm":13718,"stat.useItem.minecraft.stone_slab2":6,"stat.useItem.minecraft.spawn_egg":18,"stat.mineBlock.minecraft.stone":11}