{"stat.pickup.minecraft.redstone_torch":1,"stat.leaveGame":7,"stat.mineBlock.minecraft.cobblestone":3,"stat.pickup.minecraft.stone_pickaxe":1,"stat.pickup.grimoireofgaia.misc_soul_fire":1,"stat.useItem.minecraft.diamond_sword":21,"stat.swimOneCm":5358,"stat.craftItem.minecraft.shield":1,"stat.useItem.minecraft.planks":40,"stat.useItem.minecraft.stone_slab2":14,"stat.useItem.betteranimalsplus.fried_egg":1,"stat.pickup.minecraft.rotten_flesh":11,"stat.craftItem.minecraft.furnace":2,"stat.craftItem.minecraft.stone_axe":1,"stat.craftItem.minecraft.stone_pickaxe":1,"stat.pickup.minecraft.cobblestone":76,"stat.flyOneCm":245434,"stat.mineBlock.minecraft.iron_ore":11,"stat.timeSinceDeath":17547,"stat.useItem.minecraft.spawn_egg":18,"stat.craftItem.minecraft.wooden_pickaxe":1,"stat.pickup.minecraft.mutton":4,"stat.craftItem.minecraft.bed":1,"stat.pickup.bhc.red_heart":2,"stat.furnaceInteraction":13,"stat.mineBlock.minecraft.coal_ore":28,"stat.pickup.minecraft.shield":1,"stat.talkedToVillager":4,"stat.pickup.minecraft.furnace":2,"stat.craftItem.minecraft.stone_slab2":0,"stat.sprintOneCm":85089,"stat.pickup.minecraft.iron_chestplate":1,"stat.craftItem.minecraft.stick":28,"stat.mineBlock.minecraft.crafting_table":4,"stat.useItem.minecraft.diamond_pickaxe":11,"stat.useItem.minecraft.carrot":19,"stat.deaths":4,"stat.mineBlock.minecraft.planks":20,"stat.drop":3,"stat.pickup.minecraft.egg":6,"stat.playOneMinute":72074,"stat.killEntity.Sheep":3,"stat.killEntity.Zombie":10,"stat.mineBlock.minecraft.tallgrass":5,"stat.craftItem.minecraft.cooked_mutton":4,"stat.diveOneCm":3174,"stat.useItem.minecraft.stone":6,"stat.drop.minecraft.wooden_pickaxe":1,"stat.pickup.minecraft.iron_sword":1,"stat.craftItem.betteranimalsplus.fried_egg":1,"stat.jump":765,"stat.pickup.minecraft.coal":53,"stat.fallOneCm":21014,"stat.pickup.minecraft.carrot":26,"stat.useItem.minecraft.stone_axe":35,"stat.crouchOneCm":2383,"stat.craftItem.minecraft.iron_ingot":11,"stat.craftItem.minecraft.torch":12,"stat.pickup.minecraft.dirt":18,"stat.useItem.minecraft.cooked_chicken":1,"stat.craftingTableInteraction":10,"stat.pickup.minecraft.iron_ore":11,"stat.mineBlock.minecraft.glass_pane":1,"stat.pickup.minecraft.wooden_pickaxe":2,"stat.damageTaken":1534,"stat.mineBlock.minecraft.torch":1,"stat.mineBlock.minecraft.furnace":2,"stat.useItem.minecraft.wooden_pickaxe":4,"stat.entityKilledBy.grimoireofgaia.nine_tails":1,"stat.pickup.minecraft.planks":31,"stat.pickup.minecraft.bed":1,"stat.useItem.minecraft.stone_pickaxe":91,"stat.damageDealt":3604,"stat.sleepInBed":2,"stat.mineBlock.minecraft.dirt":15,"stat.craftItem.minecraft.iron_sword":1,"stat.walkOneCm":101918,"stat.useItem.minecraft.torch":5,"stat.pickup.minecraft.iron_nugget":3,"stat.pickup.minecraft.crafting_table":5,"stat.useItem.minecraft.tnt":10,"stat.useItem.minecraft.cobblestone":20,"stat.craftItem.minecraft.crafting_table":1,"stat.killEntity.grimoireofgaia.oni":1,"stat.pickup.minecraft.log":20,"stat.craftItem.minecraft.iron_chestplate":1,"stat.pickup.minecraft.chicken":1,"stat.craftItem.minecraft.planks":80,"stat.useItem.minecraft.iron_sword":41,"stat.killEntity.Chicken":1,"stat.mobKills":15,"stat.mineBlock.minecraft.log":20,"stat.craftItem.minecraft.cooked_chicken":1,"stat.pickup.minecraft.torch":11,"stat.sneakTime":688,"stat.pickup.minecraft.wool":3,"stat.mineBlock.minecraft.stone":60}