{"stat.walkOneCm":77125,"stat.useItem.minecraft.torch":1,"stat.pickup.minecraft.redstone_torch":1,"stat.useItem.minecraft.stone":6,"stat.pickup.minecraft.iron_nugget":3,"stat.leaveGame":4,"stat.pickup.minecraft.crafting_table":3,"stat.mineBlock.minecraft.cobblestone":3,"stat.pickup.bhc.red_heart":1,"stat.useItem.minecraft.tnt":10,"stat.useItem.minecraft.cobblestone":20,"stat.craftItem.minecraft.crafting_table":1,"stat.furnaceInteraction":9,"stat.craftItem.betteranimalsplus.fried_egg":1,"stat.pickup.grimoireofgaia.misc_soul_fire":1,"stat.killEntity.grimoireofgaia.oni":1,"stat.mineBlock.minecraft.coal_ore":28,"stat.useItem.minecraft.diamond_sword":21,"stat.talkedToVillager":3,"stat.pickup.minecraft.log":7,"stat.jump":433,"stat.swimOneCm":1126,"stat.pickup.minecraft.coal":29,"stat.fallOneCm":10984,"stat.craftItem.minecraft.shield":1,"stat.pickup.minecraft.furnace":1,"stat.pickup.minecraft.carrot":19,"stat.craftItem.minecraft.stone_slab2":0,"stat.craftItem.minecraft.iron_chestplate":1,"stat.crouchOneCm":306,"stat.pickup.minecraft.chicken":1,"stat.craftItem.minecraft.iron_ingot":11,"stat.craftItem.minecraft.torch":12,"stat.pickup.minecraft.dirt":7,"stat.sprintOneCm":43804,"stat.useItem.minecraft.stone_slab2":11,"stat.useItem.betteranimalsplus.fried_egg":1,"stat.craftItem.minecraft.stick":8,"stat.useItem.minecraft.cooked_chicken":1,"stat.craftingTableInteraction":7,"stat.pickup.minecraft.iron_ore":11,"stat.pickup.minecraft.rotten_flesh":9,"stat.craftItem.minecraft.furnace":1,"stat.craftItem.minecraft.planks":28,"stat.useItem.minecraft.iron_sword":35,"stat.killEntity.Chicken":1,"stat.mineBlock.minecraft.glass_pane":1,"stat.damageTaken":772,"stat.mineBlock.minecraft.crafting_table":3,"stat.useItem.minecraft.diamond_pickaxe":11,"stat.craftItem.minecraft.stone_pickaxe":1,"stat.mineBlock.minecraft.torch":1,"stat.mineBlock.minecraft.furnace":1,"stat.useItem.minecraft.wooden_pickaxe":4,"stat.useItem.minecraft.carrot":11,"stat.mobKills":12,"stat.pickup.minecraft.cobblestone":45,"stat.mineBlock.minecraft.log":7,"stat.craftItem.minecraft.cooked_chicken":1,"stat.flyOneCm":175238,"stat.deaths":2,"stat.drop":2,"stat.pickup.minecraft.egg":1,"stat.playOneMinute":49655,"stat.pickup.minecraft.torch":1,"stat.useItem.minecraft.stone_pickaxe":72,"stat.sneakTime":275,"stat.damageDealt":3364,"stat.mineBlock.minecraft.iron_ore":11,"stat.killEntity.Zombie":10,"stat.timeSinceDeath":26585,"stat.mineBlock.minecraft.dirt":4,"stat.useItem.minecraft.spawn_egg":18,"stat.mineBlock.minecraft.stone":42,"stat.craftItem.minecraft.wooden_pickaxe":1,"stat.mineBlock.minecraft.tallgrass":2,"stat.craftItem.minecraft.iron_sword":1,"stat.diveOneCm":330}