{"stat.chestOpened":10,"stat.mineBlock.minecraft.mossy_cobblestone":1,"stat.pickup.minecraft.bone":7,"stat.useItem.minecraft.quartz_block":107,"stat.craftItem.iceandfire.armor_bronze_chestplate":1,"stat.horseOneCm":1171,"stat.leaveGame":3,"stat.pickup.minecraft.gravel":4,"stat.pickup.minecraft.arrow":3,"stat.mineBlock.minecraft.cobblestone":1,"stat.pickup.minecraft.flint":1,"stat.pickup.minecraft.gold_nugget":125,"stat.useItem.minecraft.diamond_sword":117,"stat.drop.draconicevolution.draconic_staff_of_power":2,"stat.useItem.minecraft.glowstone":10,"stat.pickup.ic2.te":2,"stat.useItem.minecraft.bedrock":20,"stat.swimOneCm":17880,"stat.jump":1076,"stat.pickup.minecraft.fence":1,"stat.pickup.minecraft.coal":10,"stat.fallOneCm":25223,"stat.climbOneCm":829,"stat.useItem.minecraft.planks":7,"stat.pickup.minecraft.iron_ingot":1,"stat.mineBlock.minecraft.web":1,"stat.pickup.minecraft.porkchop":3,"stat.crouchOneCm":609,"stat.craftItem.minecraft.torch":28,"stat.useItem.minecraft.obsidian":6,"stat.pickup.minecraft.dirt":11,"stat.useItem.minecraft.dirt":14,"stat.useItem.minecraft.stone_slab2":81,"stat.pickup.minecraft.melon":5,"stat.pickup.minecraft.iron_ore":4,"stat.craftItem.iceandfire.armor_bronze_leggings":1,"stat.pickup.minecraft.rotten_flesh":16,"stat.mineBlock.minecraft.iron_bars":2,"stat.craftItem.minecraft.flint_and_steel":1,"stat.damageTaken":3150,"stat.pickup.minecraft.feather":5,"stat.pickup.minecraft.bucket":1,"stat.mineBlock.minecraft.melon_block":1,"stat.pickup.minecraft.cobblestone":8,"stat.mineBlock.projecte.transmutation_table":20,"stat.pickup.bountifulbaubles.flaregun":1,"stat.pickup.minecraft.planks":27,"stat.pickup.minecraft.reeds":6,"stat.flyOneCm":421694,"stat.entityKilledBy.firedragon":4,"stat.pickup.minecraft.wheat_seeds":6,"stat.drop.projecte.transmutation_table":1,"stat.mineBlock.minecraft.gravel":5,"stat.damageDealt":4986,"stat.mineBlock.minecraft.iron_ore":2,"stat.sleepInBed":1,"stat.timeSinceDeath":3218,"stat.mineBlock.minecraft.dirt":11,"stat.killEntity.Pig":1,"stat.pickup.minecraft.mutton":1,"stat.walkOneCm":126875,"stat.useItem.minecraft.torch":4,"stat.playerKills":2,"stat.pickup.travelersbackpack.travelers_backpack":1,"stat.mineBlock.ic2.te":1,"stat.pickup.minecraft.stick":7,"stat.pickup.minecraft.iron_nugget":1,"stat.mineBlock.minecraft.vine":1,"stat.pickup.bhc.red_heart":2,"stat.pickup.minecraft.stonebrick":1,"stat.mineBlock.minecraft.double_plant":3,"stat.mineBlock.minecraft.coal_ore":2,"stat.drop.ic2.te":1,"stat.mineBlock.minecraft.emerald_ore":4,"stat.pickup.minecraft.log":2,"stat.pickup.minecraft.string":1,"stat.drop.minecraft.sign":1,"stat.pickup.betteranimalsplus.pheasant_egg":1,"stat.pickup.minecraft.bedrock":64,"stat.useItem.minecraft.cooked_mutton":13,"stat.pickup.minecraft.stone":1,"stat.drop.minecraft.planks":57,"stat.pickup.projecte.transmutation_table":20,"stat.pickup.iceandfire.fire_dragon_blood":3,"stat.sprintOneCm":157328,"stat.mineBlock.minecraft.stone_slab":1,"stat.killEntity.Skeleton":3,"stat.useItem.minecraft.stone_slab":50,"stat.mineBlock.iceandfire.goldpile":22,"stat.mineBlock.minecraft.stonebrick":1,"stat.mineBlock.minecraft.fence":1,"stat.pickup.thaumcraft.crystal_essence":29,"stat.useItem.minecraft.diamond_pickaxe":71,"stat.pickup.draconicevolution.draconic_staff_of_power":2,"stat.pickup.gb.globette":1,"stat.mineBlock.thaumcraft.loot_crate_common":1,"stat.pickup.minecraft.emerald":4,"stat.mobKills":20,"stat.drop.thaumcraft.crystal_essence":29,"stat.mineBlock.thaumcraft.loot_urn_common":1,"stat.deaths":9,"stat.mineBlock.iceandfire.chared_gravel":2,"stat.drop":9,"stat.playOneMinute":66627,"stat.killEntity.Sheep":1,"stat.pickup.minecraft.red_flower":2,"stat.pickup.thaumcraft.brain":1,"stat.sneakTime":388,"stat.pickup.minecraft.wool":1,"stat.craftItem.minecraft.diamond_pickaxe":1,"stat.drop.minecraft.bucket":1,"stat.killEntity.Zombie":14,"stat.pickup.minecraft.iron_bars":1,"stat.craftItem.iceandfire.armor_bronze_boots":1,"stat.mineBlock.minecraft.stone":9,"stat.mineBlock.minecraft.tallgrass":43,"stat.drop.minecraft.diamond_pickaxe":1,"stat.diveOneCm":6856}